Gene_name,Pathway,E18_Vs_LU3,E18_Vs_LU4,LI1_Vs_LU3,LI1_Vs_LU4,LI2_Vs_LU3,LI2_Vs_LU4,LI3_Vs_LU3,LI3_Vs_LU4,cLTMR1,cLTMR2,NF1,NF2,NF3,NP,PEP1,PEP2,SST,Z.2days,Z.4days,Z.7days,Z.12days,NRGcs_2d,T5RGCs_2d,TRGCs_2d,Cartpt_2d,Alpha_RGCS_7D,Cartpt_RGCS_7D,F_RGCS_7d,T_RGCS_7d,ipRGCs_7D,T5_RGCS_7d
Actb,axon development,2.572337623,2.450410762,0,0,0,0,0,0,0.91400333,1.693495143,0.31559171,0.705869308,0.309834782,0.753833597,0.520491358,1.055251234,0.560605127,0.719668079,0.845173501,0.884967639,0.398548729,0,0,0,0,0,0,0,-0.284732123,0,0
Actb,neuron projection development,2.572337623,2.450410762,0,0,0,0,0,0,0.91400333,1.693495143,0.31559171,0.705869308,0.309834782,0.753833597,0.520491358,1.055251234,0.560605127,0.719668079,0.845173501,0.884967639,0.398548729,0,0,0,0,0,0,0,-0.284732123,0,0
Actb,neuron development,2.572337623,2.450410762,0,0,0,0,0,0,0.91400333,1.693495143,0.31559171,0.705869308,0.309834782,0.753833597,0.520491358,1.055251234,0.560605127,0.719668079,0.845173501,0.884967639,0.398548729,0,0,0,0,0,0,0,-0.284732123,0,0
Actb,axonogenesis,2.572337623,2.450410762,0,0,0,0,0,0,0.91400333,1.693495143,0.31559171,0.705869308,0.309834782,0.753833597,0.520491358,1.055251234,0.560605127,0.719668079,0.845173501,0.884967639,0.398548729,0,0,0,0,0,0,0,-0.284732123,0,0
Actb,generation of neurons,2.572337623,2.450410762,0,0,0,0,0,0,0.91400333,1.693495143,0.31559171,0.705869308,0.309834782,0.753833597,0.520491358,1.055251234,0.560605127,0.719668079,0.845173501,0.884967639,0.398548729,0,0,0,0,0,0,0,-0.284732123,0,0
Actb,neuron differentiation,2.572337623,2.450410762,0,0,0,0,0,0,0.91400333,1.693495143,0.31559171,0.705869308,0.309834782,0.753833597,0.520491358,1.055251234,0.560605127,0.719668079,0.845173501,0.884967639,0.398548729,0,0,0,0,0,0,0,-0.284732123,0,0
Actb,nervous system development,2.572337623,2.450410762,0,0,0,0,0,0,0.91400333,1.693495143,0.31559171,0.705869308,0.309834782,0.753833597,0.520491358,1.055251234,0.560605127,0.719668079,0.845173501,0.884967639,0.398548729,0,0,0,0,0,0,0,-0.284732123,0,0
Actb,structural constituent of cytoskeleton,2.572337623,2.450410762,0,0,0,0,0,0,0.91400333,1.693495143,0.31559171,0.705869308,0.309834782,0.753833597,0.520491358,1.055251234,0.560605127,0.719668079,0.845173501,0.884967639,0.398548729,0,0,0,0,0,0,0,-0.284732123,0,0
Actb,neurogenesis,2.572337623,2.450410762,0,0,0,0,0,0,0.91400333,1.693495143,0.31559171,0.705869308,0.309834782,0.753833597,0.520491358,1.055251234,0.560605127,0.719668079,0.845173501,0.884967639,0.398548729,0,0,0,0,0,0,0,-0.284732123,0,0
Actg1,structural constituent of cytoskeleton,2.316195632,2.390065807,-0.235158164,-0.145872663,-0.250187452,-0.160901951,-0.169796319,0,0.645718627,1.742513428,0.325132732,0.704382696,0.267140984,0.688991536,0.70703164,1.500682945,0.845641038,,,,,0,0,0,0,0,0,0,0,0,0
Actg1,positive regulation of cell motility,2.316195632,2.390065807,-0.235158164,-0.145872663,-0.250187452,-0.160901951,-0.169796319,0,0.645718627,1.742513428,0.325132732,0.704382696,0.267140984,0.688991536,0.70703164,1.500682945,0.845641038,,,,,0,0,0,0,0,0,0,0,0,0
Actg1,Regulation of cellular component movement,2.316195632,2.390065807,-0.235158164,-0.145872663,-0.250187452,-0.160901951,-0.169796319,0,0.645718627,1.742513428,0.325132732,0.704382696,0.267140984,0.688991536,0.70703164,1.500682945,0.845641038,,,,,0,0,0,0,0,0,0,0,0,0
Actg1,regulation of cell migration,2.316195632,2.390065807,-0.235158164,-0.145872663,-0.250187452,-0.160901951,-0.169796319,0,0.645718627,1.742513428,0.325132732,0.704382696,0.267140984,0.688991536,0.70703164,1.500682945,0.845641038,,,,,0,0,0,0,0,0,0,0,0,0
Auts2,neuron development,1.86952394,1.761076315,0,0,0,0,0,0,-0.054298609,0.553811623,-0.092564796,0.203374192,-0.274590275,-0.518387195,-0.197261098,-0.08287265,-0.24329025,,,,,0,0,0,0.260530321,0,0,0,-0.271882815,0,0
Auts2,generation of neurons,1.86952394,1.761076315,0,0,0,0,0,0,-0.054298609,0.553811623,-0.092564796,0.203374192,-0.274590275,-0.518387195,-0.197261098,-0.08287265,-0.24329025,,,,,0,0,0,0.260530321,0,0,0,-0.271882815,0,0
Auts2,axon development,1.86952394,1.761076315,0,0,0,0,0,0,-0.054298609,0.553811623,-0.092564796,0.203374192,-0.274590275,-0.518387195,-0.197261098,-0.08287265,-0.24329025,,,,,0,0,0,0.260530321,0,0,0,-0.271882815,0,0
Auts2,axonogenesis,1.86952394,1.761076315,0,0,0,0,0,0,-0.054298609,0.553811623,-0.092564796,0.203374192,-0.274590275,-0.518387195,-0.197261098,-0.08287265,-0.24329025,,,,,0,0,0,0.260530321,0,0,0,-0.271882815,0,0
Auts2,nervous system development,1.86952394,1.761076315,0,0,0,0,0,0,-0.054298609,0.553811623,-0.092564796,0.203374192,-0.274590275,-0.518387195,-0.197261098,-0.08287265,-0.24329025,,,,,0,0,0,0.260530321,0,0,0,-0.271882815,0,0
Auts2,neuron projection development,1.86952394,1.761076315,0,0,0,0,0,0,-0.054298609,0.553811623,-0.092564796,0.203374192,-0.274590275,-0.518387195,-0.197261098,-0.08287265,-0.24329025,,,,,0,0,0,0.260530321,0,0,0,-0.271882815,0,0
Auts2,neurogenesis,1.86952394,1.761076315,0,0,0,0,0,0,-0.054298609,0.553811623,-0.092564796,0.203374192,-0.274590275,-0.518387195,-0.197261098,-0.08287265,-0.24329025,,,,,0,0,0,0.260530321,0,0,0,-0.271882815,0,0
Auts2,neuron differentiation,1.86952394,1.761076315,0,0,0,0,0,0,-0.054298609,0.553811623,-0.092564796,0.203374192,-0.274590275,-0.518387195,-0.197261098,-0.08287265,-0.24329025,,,,,0,0,0,0.260530321,0,0,0,-0.271882815,0,0
Bhlhe22,neurogenesis,1.695348597,1.704575545,0,0,0,0,0,0,0,0,0,0,0,0,0,0,0,,,,,0.288197574,0,0,0,0,0,0,0,0,0
Bhlhe22,axon development,1.695348597,1.704575545,0,0,0,0,0,0,0,0,0,0,0,0,0,0,0,,,,,0.288197574,0,0,0,0,0,0,0,0,0
Bhlhe22,nervous system development,1.695348597,1.704575545,0,0,0,0,0,0,0,0,0,0,0,0,0,0,0,,,,,0.288197574,0,0,0,0,0,0,0,0,0
Bhlhe22,axonogenesis,1.695348597,1.704575545,0,0,0,0,0,0,0,0,0,0,0,0,0,0,0,,,,,0.288197574,0,0,0,0,0,0,0,0,0
Bhlhe22,neuron projection development,1.695348597,1.704575545,0,0,0,0,0,0,0,0,0,0,0,0,0,0,0,,,,,0.288197574,0,0,0,0,0,0,0,0,0
Bhlhe22,neuron differentiation,1.695348597,1.704575545,0,0,0,0,0,0,0,0,0,0,0,0,0,0,0,,,,,0.288197574,0,0,0,0,0,0,0,0,0
Bhlhe22,neuron development,1.695348597,1.704575545,0,0,0,0,0,0,0,0,0,0,0,0,0,0,0,,,,,0.288197574,0,0,0,0,0,0,0,0,0
Bhlhe22,generation of neurons,1.695348597,1.704575545,0,0,0,0,0,0,0,0,0,0,0,0,0,0,0,,,,,0.288197574,0,0,0,0,0,0,0,0,0
Bhlhe22,central nervous system neuron differentiation,1.695348597,1.704575545,0,0,0,0,0,0,0,0,0,0,0,0,0,0,0,,,,,0.288197574,0,0,0,0,0,0,0,0,0
Chl1,neurogenesis,2.33356981,2.212457665,0,0,0,0,0,0,1.408878162,1.749384632,1.330428075,2.113034916,1.614840424,2.753644696,1.146427215,3.030313988,1.398050151,,,,,0,0,0,0,0,0,0,0,0,0
Chl1,nervous system development,2.33356981,2.212457665,0,0,0,0,0,0,1.408878162,1.749384632,1.330428075,2.113034916,1.614840424,2.753644696,1.146427215,3.030313988,1.398050151,,,,,0,0,0,0,0,0,0,0,0,0
Chl1,neuron development,2.33356981,2.212457665,0,0,0,0,0,0,1.408878162,1.749384632,1.330428075,2.113034916,1.614840424,2.753644696,1.146427215,3.030313988,1.398050151,,,,,0,0,0,0,0,0,0,0,0,0
Chl1,neuron differentiation,2.33356981,2.212457665,0,0,0,0,0,0,1.408878162,1.749384632,1.330428075,2.113034916,1.614840424,2.753644696,1.146427215,3.030313988,1.398050151,,,,,0,0,0,0,0,0,0,0,0,0
Chl1,axon development,2.33356981,2.212457665,0,0,0,0,0,0,1.408878162,1.749384632,1.330428075,2.113034916,1.614840424,2.753644696,1.146427215,3.030313988,1.398050151,,,,,0,0,0,0,0,0,0,0,0,0
Chl1,generation of neurons,2.33356981,2.212457665,0,0,0,0,0,0,1.408878162,1.749384632,1.330428075,2.113034916,1.614840424,2.753644696,1.146427215,3.030313988,1.398050151,,,,,0,0,0,0,0,0,0,0,0,0
Chl1,neuron projection development,2.33356981,2.212457665,0,0,0,0,0,0,1.408878162,1.749384632,1.330428075,2.113034916,1.614840424,2.753644696,1.146427215,3.030313988,1.398050151,,,,,0,0,0,0,0,0,0,0,0,0
Chl1,axonogenesis,2.33356981,2.212457665,0,0,0,0,0,0,1.408878162,1.749384632,1.330428075,2.113034916,1.614840424,2.753644696,1.146427215,3.030313988,1.398050151,,,,,0,0,0,0,0,0,0,0,0,0
Cntn2,neurogenesis,1.723408132,1.777659091,0,0,0,0,0,0,0.342359356,0.907055386,-0.173411575,-0.048190102,-0.37635624,0.77609248,0.675960513,0.556483239,0.744878938,0.015280519,0.733067848,1.819345027,1.713832915,0,0,0,0,0,0,0,0,0,0
Cntn2,axonogenesis,1.723408132,1.777659091,0,0,0,0,0,0,0.342359356,0.907055386,-0.173411575,-0.048190102,-0.37635624,0.77609248,0.675960513,0.556483239,0.744878938,0.015280519,0.733067848,1.819345027,1.713832915,0,0,0,0,0,0,0,0,0,0
Cntn2,nervous system development,1.723408132,1.777659091,0,0,0,0,0,0,0.342359356,0.907055386,-0.173411575,-0.048190102,-0.37635624,0.77609248,0.675960513,0.556483239,0.744878938,0.015280519,0.733067848,1.819345027,1.713832915,0,0,0,0,0,0,0,0,0,0
Cntn2,neuron development,1.723408132,1.777659091,0,0,0,0,0,0,0.342359356,0.907055386,-0.173411575,-0.048190102,-0.37635624,0.77609248,0.675960513,0.556483239,0.744878938,0.015280519,0.733067848,1.819345027,1.713832915,0,0,0,0,0,0,0,0,0,0
Cntn2,neuron differentiation,1.723408132,1.777659091,0,0,0,0,0,0,0.342359356,0.907055386,-0.173411575,-0.048190102,-0.37635624,0.77609248,0.675960513,0.556483239,0.744878938,0.015280519,0.733067848,1.819345027,1.713832915,0,0,0,0,0,0,0,0,0,0
Cntn2,axon development,1.723408132,1.777659091,0,0,0,0,0,0,0.342359356,0.907055386,-0.173411575,-0.048190102,-0.37635624,0.77609248,0.675960513,0.556483239,0.744878938,0.015280519,0.733067848,1.819345027,1.713832915,0,0,0,0,0,0,0,0,0,0
Cntn2,generation of neurons,1.723408132,1.777659091,0,0,0,0,0,0,0.342359356,0.907055386,-0.173411575,-0.048190102,-0.37635624,0.77609248,0.675960513,0.556483239,0.744878938,0.015280519,0.733067848,1.819345027,1.713832915,0,0,0,0,0,0,0,0,0,0
Cntn2,central nervous system neuron differentiation,1.723408132,1.777659091,0,0,0,0,0,0,0.342359356,0.907055386,-0.173411575,-0.048190102,-0.37635624,0.77609248,0.675960513,0.556483239,0.744878938,0.015280519,0.733067848,1.819345027,1.713832915,0,0,0,0,0,0,0,0,0,0
Cntn2,neuron projection development,1.723408132,1.777659091,0,0,0,0,0,0,0.342359356,0.907055386,-0.173411575,-0.048190102,-0.37635624,0.77609248,0.675960513,0.556483239,0.744878938,0.015280519,0.733067848,1.819345027,1.713832915,0,0,0,0,0,0,0,0,0,0
Dcc,neurogenesis,5.554334877,5.658675636,,,,,,,,,,,,,,,,,,,,,,,,,,,,,
Dcc,axonogenesis,5.554334877,5.658675636,,,,,,,,,,,,,,,,,,,,,,,,,,,,,
Dcc,nervous system development,5.554334877,5.658675636,,,,,,,,,,,,,,,,,,,,,,,,,,,,,
Dcc,central nervous system neuron differentiation,5.554334877,5.658675636,,,,,,,,,,,,,,,,,,,,,,,,,,,,,
Dcc,neuron development,5.554334877,5.658675636,,,,,,,,,,,,,,,,,,,,,,,,,,,,,
Dcc,neuron differentiation,5.554334877,5.658675636,,,,,,,,,,,,,,,,,,,,,,,,,,,,,
Dcc,generation of neurons,5.554334877,5.658675636,,,,,,,,,,,,,,,,,,,,,,,,,,,,,
Dcc,neuron projection development,5.554334877,5.658675636,,,,,,,,,,,,,,,,,,,,,,,,,,,,,
Dcc,axon development,5.554334877,5.658675636,,,,,,,,,,,,,,,,,,,,,,,,,,,,,
Dcx,nervous system development,1.695926658,1.595208294,,,,,,,,,,,,,,,,,,,,,,,,,,,,,
Dcx,axonogenesis,1.695926658,1.595208294,0,0,0,0,0,0,0,0.453852996,0,0,0,-0.150816075,-0.308078575,-0.201081668,-0.240543682,,,,,0,0,0,0,0,0,0,0,0,0
Dcx,generation of neurons,1.695926658,1.595208294,0,0,0,0,0,0,0,0.453852996,0,0,0,-0.150816075,-0.308078575,-0.201081668,-0.240543682,,,,,0,0,0,0,0,0,0,0,0,0
Dcx,axon development,1.695926658,1.595208294,0,0,0,0,0,0,0,0.453852996,0,0,0,-0.150816075,-0.308078575,-0.201081668,-0.240543682,,,,,0,0,0,0,0,0,0,0,0,0
Dcx,neurogenesis,1.695926658,1.595208294,0,0,0,0,0,0,0,0.453852996,0,0,0,-0.150816075,-0.308078575,-0.201081668,-0.240543682,,,,,0,0,0,0,0,0,0,0,0,0
Dcx,neuron differentiation,1.695926658,1.595208294,0,0,0,0,0,0,0,0.453852996,0,0,0,-0.150816075,-0.308078575,-0.201081668,-0.240543682,,,,,0,0,0,0,0,0,0,0,0,0
Dcx,neuron projection development,1.695926658,1.595208294,0,0,0,0,0,0,0,0.453852996,0,0,0,-0.150816075,-0.308078575,-0.201081668,-0.240543682,,,,,0,0,0,0,0,0,0,0,0,0
Dcx,central nervous system neuron differentiation,1.695926658,1.595208294,0,0,0,0,0,0,0,0.453852996,0,0,0,-0.150816075,-0.308078575,-0.201081668,-0.240543682,,,,,0,0,0,0,0,0,0,0,0,0
Dcx,neuron development,1.695926658,1.595208294,0,0,0,0,0,0,0,0.453852996,0,0,0,-0.150816075,-0.308078575,-0.201081668,-0.240543682,,,,,0,0,0,0,0,0,0,0,0,0
Dpysl3,nervous system development,2.50522431,2.507120899,0,0,0,0,0,0,0.393684158,0.915230321,-0.0396878,0.492981883,0.008526801,0.171548899,0.280628363,0.752944394,0.271744619,-0.247117182,0.32883927,0.696704704,0.442557487,0,0,0,0,0,-0.312723979,0,-0.354258509,0,0
Dpysl3,neurogenesis,2.50522431,2.507120899,0,0,0,0,0,0,0.393684158,0.915230321,-0.0396878,0.492981883,0.008526801,0.171548899,0.280628363,0.752944394,0.271744619,-0.247117182,0.32883927,0.696704704,0.442557487,0,0,0,0,0,-0.312723979,0,-0.354258509,0,0
Dpysl3,neuron development,2.50522431,2.507120899,0,0,0,0,0,0,0.393684158,0.915230321,-0.0396878,0.492981883,0.008526801,0.171548899,0.280628363,0.752944394,0.271744619,-0.247117182,0.32883927,0.696704704,0.442557487,0,0,0,0,0,-0.312723979,0,-0.354258509,0,0
Dpysl3,generation of neurons,2.50522431,2.507120899,0,0,0,0,0,0,0.393684158,0.915230321,-0.0396878,0.492981883,0.008526801,0.171548899,0.280628363,0.752944394,0.271744619,-0.247117182,0.32883927,0.696704704,0.442557487,0,0,0,0,0,-0.312723979,0,-0.354258509,0,0
Dpysl3,neuron differentiation,2.50522431,2.507120899,0,0,0,0,0,0,0.393684158,0.915230321,-0.0396878,0.492981883,0.008526801,0.171548899,0.280628363,0.752944394,0.271744619,-0.247117182,0.32883927,0.696704704,0.442557487,0,0,0,0,0,-0.312723979,0,-0.354258509,0,0
Dpysl3,regulation of cell migration,2.50522431,2.507120899,0,0,0,0,0,0,0.393684158,0.915230321,-0.0396878,0.492981883,0.008526801,0.171548899,0.280628363,0.752944394,0.271744619,-0.247117182,0.32883927,0.696704704,0.442557487,0,0,0,0,0,-0.312723979,0,-0.354258509,0,0
Dpysl3,Regulation of cellular component movement,2.50522431,2.507120899,0,0,0,0,0,0,0.393684158,0.915230321,-0.0396878,0.492981883,0.008526801,0.171548899,0.280628363,0.752944394,0.271744619,-0.247117182,0.32883927,0.696704704,0.442557487,0,0,0,0,0,-0.312723979,0,-0.354258509,0,0
Dpysl3,neuron projection development,2.50522431,2.507120899,0,0,0,0,0,0,0.393684158,0.915230321,-0.0396878,0.492981883,0.008526801,0.171548899,0.280628363,0.752944394,0.271744619,-0.247117182,0.32883927,0.696704704,0.442557487,0,0,0,0,0,-0.312723979,0,-0.354258509,0,0
Dpysl5,axon development,1.434834831,1.431152981,0,0,0,0,0,0,0.293463311,0.308625546,0.144097627,0.676103108,-0.122464694,0.573412744,0.320687722,0.660918326,0.420757739,0.119382655,1.052869734,1.414498731,1.230769727,0,0,0,0,0,0,0.401137718,0,0,0
Eef1a1,nervous system development,2.292022885,2.395836168,0,0,0,0,0,0,0.793417247,1.523795885,0.58211018,1.283646734,0.642522587,0.66463041,0.771978638,0.966435384,0.657191993,-0.66677551,-0.473919347,-0.344351157,0.106841151,-0.326683427,-0.381376674,-0.493054543,0,-0.383548066,-0.525995362,0,-0.54647743,-0.357242353,-0.452627291
Eef1a1,neuron development,2.292022885,2.395836168,0,0,0,0,0,0,0.793417247,1.523795885,0.58211018,1.283646734,0.642522587,0.66463041,0.771978638,0.966435384,0.657191993,-0.66677551,-0.473919347,-0.344351157,0.106841151,-0.326683427,-0.381376674,-0.493054543,0,-0.383548066,-0.525995362,0,-0.54647743,-0.357242353,-0.452627291
Eef1a1,generation of neurons,2.292022885,2.395836168,0,0,0,0,0,0,0.793417247,1.523795885,0.58211018,1.283646734,0.642522587,0.66463041,0.771978638,0.966435384,0.657191993,-0.66677551,-0.473919347,-0.344351157,0.106841151,-0.326683427,-0.381376674,-0.493054543,0,-0.383548066,-0.525995362,0,-0.54647743,-0.357242353,-0.452627291
Eef1a1,neuron projection development,2.292022885,2.395836168,0,0,0,0,0,0,0.793417247,1.523795885,0.58211018,1.283646734,0.642522587,0.66463041,0.771978638,0.966435384,0.657191993,-0.66677551,-0.473919347,-0.344351157,0.106841151,-0.326683427,-0.381376674,-0.493054543,0,-0.383548066,-0.525995362,0,-0.54647743,-0.357242353,-0.452627291
Eef1a1,neurogenesis,2.292022885,2.395836168,0,0,0,0,0,0,0.793417247,1.523795885,0.58211018,1.283646734,0.642522587,0.66463041,0.771978638,0.966435384,0.657191993,-0.66677551,-0.473919347,-0.344351157,0.106841151,-0.326683427,-0.381376674,-0.493054543,0,-0.383548066,-0.525995362,0,-0.54647743,-0.357242353,-0.452627291
Eef1a1,neuron differentiation,2.292022885,2.395836168,0,0,0,0,0,0,0.793417247,1.523795885,0.58211018,1.283646734,0.642522587,0.66463041,0.771978638,0.966435384,0.657191993,-0.66677551,-0.473919347,-0.344351157,0.106841151,-0.326683427,-0.381376674,-0.493054543,0,-0.383548066,-0.525995362,0,-0.54647743,-0.357242353,-0.452627291
Epha3,axonogenesis,2.176925098,2.131664952,,,,,,,,,,,,,,,,,,,,,,,,,,,,,
Epha3,Regulation of cellular component movement,2.176925098,2.131664952,,,,,,,,,,,,,,,,,,,,,,,,,,,,,
Epha3,nervous system development,2.176925098,2.131664952,,,,,,,,,,,,,,,,,,,,,,,,,,,,,
Epha3,generation of neurons,2.176925098,2.131664952,,,,,,,,,,,,,,,,,,,,,,,,,,,,,
Epha3,neuron development,2.176925098,2.131664952,,,,,,,,,,,,,,,,,,,,,,,,,,,,,
Epha3,neurogenesis,2.176925098,2.131664952,,,,,,,,,,,,,,,,,,,,,,,,,,,,,
Epha3,axon development,2.176925098,2.131664952,,,,,,,,,,,,,,,,,,,,,,,,,,,,,
Epha3,neuron projection development,2.176925098,2.131664952,,,,,,,,,,,,,,,,,,,,,,,,,,,,,
Epha3,neuron differentiation,2.176925098,2.131664952,,,,,,,,,,,,,,,,,,,,,,,,,,,,,
Epha3,regulation of cell migration,2.176925098,2.131664952,,,,,,,,,,,,,,,,,,,,,,,,,,,,,
Epha4,neuron development,1.85720256,1.822992678,0,0,0,0,0,0,0,0,-0.145689067,0,0,0,0,0,0,-0.586426265,-0.698463168,-0.228203192,-0.016930318,0,0,0,0,0.286291515,0.282917144,0,0,0,0
Epha4,positive regulation of cell motility,1.85720256,1.822992678,0,0,0,0,0,0,0,0,-0.145689067,0,0,0,0,0,0,-0.586426265,-0.698463168,-0.228203192,-0.016930318,0,0,0,0,0.286291515,0.282917144,0,0,0,0
Epha4,generation of neurons,1.85720256,1.822992678,0,0,0,0,0,0,0,0,-0.145689067,0,0,0,0,0,0,-0.586426265,-0.698463168,-0.228203192,-0.016930318,0,0,0,0,0.286291515,0.282917144,0,0,0,0
Epha4,neurogenesis,1.85720256,1.822992678,0,0,0,0,0,0,0,0,-0.145689067,0,0,0,0,0,0,-0.586426265,-0.698463168,-0.228203192,-0.016930318,0,0,0,0,0.286291515,0.282917144,0,0,0,0
Epha4,neuron projection development,1.85720256,1.822992678,0,0,0,0,0,0,0,0,-0.145689067,0,0,0,0,0,0,-0.586426265,-0.698463168,-0.228203192,-0.016930318,0,0,0,0,0.286291515,0.282917144,0,0,0,0
Epha4,Regulation of cellular component movement,1.85720256,1.822992678,0,0,0,0,0,0,0,0,-0.145689067,0,0,0,0,0,0,-0.586426265,-0.698463168,-0.228203192,-0.016930318,0,0,0,0,0.286291515,0.282917144,0,0,0,0
Epha4,central nervous system neuron differentiation,1.85720256,1.822992678,0,0,0,0,0,0,0,0,-0.145689067,0,0,0,0,0,0,-0.586426265,-0.698463168,-0.228203192,-0.016930318,0,0,0,0,0.286291515,0.282917144,0,0,0,0
Epha4,axon development,1.85720256,1.822992678,0,0,0,0,0,0,0,0,-0.145689067,0,0,0,0,0,0,-0.586426265,-0.698463168,-0.228203192,-0.016930318,0,0,0,0,0.286291515,0.282917144,0,0,0,0
Epha4,neuron differentiation,1.85720256,1.822992678,0,0,0,0,0,0,0,0,-0.145689067,0,0,0,0,0,0,-0.586426265,-0.698463168,-0.228203192,-0.016930318,0,0,0,0,0.286291515,0.282917144,0,0,0,0
Epha4,regulation of cell migration,1.85720256,1.822992678,0,0,0,0,0,0,0,0,-0.145689067,0,0,0,0,0,0,-0.586426265,-0.698463168,-0.228203192,-0.016930318,0,0,0,0,0.286291515,0.282917144,0,0,0,0
Epha4,axonogenesis,1.85720256,1.822992678,0,0,0,0,0,0,0,0,-0.145689067,0,0,0,0,0,0,-0.586426265,-0.698463168,-0.228203192,-0.016930318,0,0,0,0,0.286291515,0.282917144,0,0,0,0
Epha4,nervous system development,1.85720256,1.822992678,0,0,0,0,0,0,0,0,-0.145689067,0,0,0,0,0,0,-0.586426265,-0.698463168,-0.228203192,-0.016930318,0,0,0,0,0.286291515,0.282917144,0,0,0,0
Epha5,axon development,1.562816715,1.406616716,0,0,0,0,0,0,0,0.43788046,0.013518406,0.140249266,0,-0.101047205,0.011304327,-0.08604081,0.625028864,,,,,0,0,0,0,0,0,0,0,0,0
Ezh2,neurogenesis,1.665225325,1.653897638,,,,,,,,,,,,,,,,,,,,,,,,,,,,,
Ezh2,neuron development,1.665225325,1.653897638,,,,,,,,,,,,,,,,,,,,,,,,,,,,,
Ezh2,neuron projection development,1.665225325,1.653897638,,,,,,,,,,,,,,,,,,,,,,,,,,,,,
Ezh2,nervous system development,1.665225325,1.653897638,,,,,,,,,,,,,,,,,,,,,,,,,,,,,
Ezh2,neuron differentiation,1.665225325,1.653897638,,,,,,,,,,,,,,,,,,,,,,,,,,,,,
Ezh2,generation of neurons,1.665225325,1.653897638,,,,,,,,,,,,,,,,,,,,,,,,,,,,,
Fgf13,neuron development,1.990454306,1.936608225,0,0,0,0,0,0,-0.089571663,0.511656717,-0.004336644,0.403982556,-0.0703396,-0.413254228,0.106219686,-0.199208193,-0.005908039,,,,,0.353166473,0.288091509,0,0,0,0,0.643145824,0,0.376658583,0.447874769
Fgf13,generation of neurons,1.990454306,1.936608225,0,0,0,0,0,0,-0.089571663,0.511656717,-0.004336644,0.403982556,-0.0703396,-0.413254228,0.106219686,-0.199208193,-0.005908039,,,,,0.353166473,0.288091509,0,0,0,0,0.643145824,0,0.376658583,0.447874769
Fgf13,neuron projection development,1.990454306,1.936608225,0,0,0,0,0,0,-0.089571663,0.511656717,-0.004336644,0.403982556,-0.0703396,-0.413254228,0.106219686,-0.199208193,-0.005908039,,,,,0.353166473,0.288091509,0,0,0,0,0.643145824,0,0.376658583,0.447874769
Fgf13,neurogenesis,1.990454306,1.936608225,0,0,0,0,0,0,-0.089571663,0.511656717,-0.004336644,0.403982556,-0.0703396,-0.413254228,0.106219686,-0.199208193,-0.005908039,,,,,0.353166473,0.288091509,0,0,0,0,0.643145824,0,0.376658583,0.447874769
Fgf13,neuron differentiation,1.990454306,1.936608225,0,0,0,0,0,0,-0.089571663,0.511656717,-0.004336644,0.403982556,-0.0703396,-0.413254228,0.106219686,-0.199208193,-0.005908039,,,,,0.353166473,0.288091509,0,0,0,0,0.643145824,0,0.376658583,0.447874769
Fgf13,nervous system development,1.990454306,1.936608225,0,0,0,0,0,0,-0.089571663,0.511656717,-0.004336644,0.403982556,-0.0703396,-0.413254228,0.106219686,-0.199208193,-0.005908039,,,,,0.353166473,0.288091509,0,0,0,0,0.643145824,0,0.376658583,0.447874769
Fgf13,axon development,1.990454306,1.936608225,0,0,0,0,0,0,-0.089571663,0.511656717,-0.004336644,0.403982556,-0.0703396,-0.413254228,0.106219686,-0.199208193,-0.005908039,,,,,0.353166473,0.288091509,0,0,0,0,0.643145824,0,0.376658583,0.447874769
Fgf13,Regulation of cellular component movement,1.990454306,1.936608225,0,0,0,0,0,0,-0.089571663,0.511656717,-0.004336644,0.403982556,-0.0703396,-0.413254228,0.106219686,-0.199208193,-0.005908039,,,,,0.353166473,0.288091509,0,0,0,0,0.643145824,0,0.376658583,0.447874769
Fgf13,axonogenesis,1.990454306,1.936608225,0,0,0,0,0,0,-0.089571663,0.511656717,-0.004336644,0.403982556,-0.0703396,-0.413254228,0.106219686,-0.199208193,-0.005908039,,,,,0.353166473,0.288091509,0,0,0,0,0.643145824,0,0.376658583,0.447874769
Fgfr1,neurogenesis,2.077439089,2.100185689,0,0,0,0,0,0,0.101605179,0.122862743,-0.235553186,-0.400214122,-0.558322501,0.121794369,0.275818824,0.347537158,0.110203061,,,,,0,0,0,-0.318100629,-0.458578701,0,0,-0.297737132,-0.307658662,0
Fgfr1,regulation of cell migration,2.077439089,2.100185689,0,0,0,0,0,0,0.101605179,0.122862743,-0.235553186,-0.400214122,-0.558322501,0.121794369,0.275818824,0.347537158,0.110203061,,,,,0,0,0,-0.318100629,-0.458578701,0,0,-0.297737132,-0.307658662,0
Fgfr1,neuron development,2.077439089,2.100185689,0,0,0,0,0,0,0.101605179,0.122862743,-0.235553186,-0.400214122,-0.558322501,0.121794369,0.275818824,0.347537158,0.110203061,,,,,0,0,0,-0.318100629,-0.458578701,0,0,-0.297737132,-0.307658662,0
Fgfr1,neuron projection development,2.077439089,2.100185689,0,0,0,0,0,0,0.101605179,0.122862743,-0.235553186,-0.400214122,-0.558322501,0.121794369,0.275818824,0.347537158,0.110203061,,,,,0,0,0,-0.318100629,-0.458578701,0,0,-0.297737132,-0.307658662,0
Fgfr1,nervous system development,2.077439089,2.100185689,0,0,0,0,0,0,0.101605179,0.122862743,-0.235553186,-0.400214122,-0.558322501,0.121794369,0.275818824,0.347537158,0.110203061,,,,,0,0,0,-0.318100629,-0.458578701,0,0,-0.297737132,-0.307658662,0
Fgfr1,Regulation of cellular component movement,2.077439089,2.100185689,0,0,0,0,0,0,0.101605179,0.122862743,-0.235553186,-0.400214122,-0.558322501,0.121794369,0.275818824,0.347537158,0.110203061,,,,,0,0,0,-0.318100629,-0.458578701,0,0,-0.297737132,-0.307658662,0
Fgfr1,neuron differentiation,2.077439089,2.100185689,0,0,0,0,0,0,0.101605179,0.122862743,-0.235553186,-0.400214122,-0.558322501,0.121794369,0.275818824,0.347537158,0.110203061,,,,,0,0,0,-0.318100629,-0.458578701,0,0,-0.297737132,-0.307658662,0
Fgfr1,positive regulation of cell motility,2.077439089,2.100185689,0,0,0,0,0,0,0.101605179,0.122862743,-0.235553186,-0.400214122,-0.558322501,0.121794369,0.275818824,0.347537158,0.110203061,,,,,0,0,0,-0.318100629,-0.458578701,0,0,-0.297737132,-0.307658662,0
Fgfr1,central nervous system neuron differentiation,2.077439089,2.100185689,0,0,0,0,0,0,0.101605179,0.122862743,-0.235553186,-0.400214122,-0.558322501,0.121794369,0.275818824,0.347537158,0.110203061,,,,,0,0,0,-0.318100629,-0.458578701,0,0,-0.297737132,-0.307658662,0
Fgfr1,generation of neurons,2.077439089,2.100185689,0,0,0,0,0,0,0.101605179,0.122862743,-0.235553186,-0.400214122,-0.558322501,0.121794369,0.275818824,0.347537158,0.110203061,,,,,0,0,0,-0.318100629,-0.458578701,0,0,-0.297737132,-0.307658662,0
Foxg1,axon development,1.489978082,1.524503835,,,,,,,,,,,,,,,,,,,,,,,,,,,,,
Hsp90aa1,neurogenesis,1.591084779,1.655779519,0,0,0,0,0,0,0.64048723,1.082520126,-0.161688117,0.146980814,-0.068498789,0.186948208,0.230322524,0.548559718,0.436304449,,,,,0,-0.299895113,-0.307062595,-0.343902752,-0.413455991,-0.409011014,0,-0.34706814,-0.276111766,-0.297410843
Hsp90aa1,neuron projection development,1.591084779,1.655779519,0,0,0,0,0,0,0.64048723,1.082520126,-0.161688117,0.146980814,-0.068498789,0.186948208,0.230322524,0.548559718,0.436304449,,,,,0,-0.299895113,-0.307062595,-0.343902752,-0.413455991,-0.409011014,0,-0.34706814,-0.276111766,-0.297410843
Hsp90aa1,axon development,1.591084779,1.655779519,0,0,0,0,0,0,0.64048723,1.082520126,-0.161688117,0.146980814,-0.068498789,0.186948208,0.230322524,0.548559718,0.436304449,,,,,0,-0.299895113,-0.307062595,-0.343902752,-0.413455991,-0.409011014,0,-0.34706814,-0.276111766,-0.297410843
Hsp90aa1,generation of neurons,1.591084779,1.655779519,0,0,0,0,0,0,0.64048723,1.082520126,-0.161688117,0.146980814,-0.068498789,0.186948208,0.230322524,0.548559718,0.436304449,,,,,0,-0.299895113,-0.307062595,-0.343902752,-0.413455991,-0.409011014,0,-0.34706814,-0.276111766,-0.297410843
Hsp90aa1,neuron development,1.591084779,1.655779519,0,0,0,0,0,0,0.64048723,1.082520126,-0.161688117,0.146980814,-0.068498789,0.186948208,0.230322524,0.548559718,0.436304449,,,,,0,-0.299895113,-0.307062595,-0.343902752,-0.413455991,-0.409011014,0,-0.34706814,-0.276111766,-0.297410843
Hsp90aa1,neuron differentiation,1.591084779,1.655779519,0,0,0,0,0,0,0.64048723,1.082520126,-0.161688117,0.146980814,-0.068498789,0.186948208,0.230322524,0.548559718,0.436304449,,,,,0,-0.299895113,-0.307062595,-0.343902752,-0.413455991,-0.409011014,0,-0.34706814,-0.276111766,-0.297410843
Hsp90aa1,nervous system development,1.591084779,1.655779519,0,0,0,0,0,0,0.64048723,1.082520126,-0.161688117,0.146980814,-0.068498789,0.186948208,0.230322524,0.548559718,0.436304449,,,,,0,-0.299895113,-0.307062595,-0.343902752,-0.413455991,-0.409011014,0,-0.34706814,-0.276111766,-0.297410843
Hsp90aa1,central nervous system neuron differentiation,1.591084779,1.655779519,0,0,0,0,0,0,0.64048723,1.082520126,-0.161688117,0.146980814,-0.068498789,0.186948208,0.230322524,0.548559718,0.436304449,,,,,0,-0.299895113,-0.307062595,-0.343902752,-0.413455991,-0.409011014,0,-0.34706814,-0.276111766,-0.297410843
Hsp90aa1,axonogenesis,1.591084779,1.655779519,0,0,0,0,0,0,0.64048723,1.082520126,-0.161688117,0.146980814,-0.068498789,0.186948208,0.230322524,0.548559718,0.436304449,,,,,0,-0.299895113,-0.307062595,-0.343902752,-0.413455991,-0.409011014,0,-0.34706814,-0.276111766,-0.297410843
Hsp90ab1,axonogenesis,1.797292636,2.038678059,0,0,0,0,0,0,0.132703364,0.708323971,-0.268570486,0.035547771,-0.030924896,-0.05209636,0.195312287,0.36782022,0.197490284,0.284157203,0.639252574,0.548907136,0.495783326,0,0,0,0,0,0,0,0,0,0
Hsp90ab1,axon development,1.797292636,2.038678059,0,0,0,0,0,0,0.132703364,0.708323971,-0.268570486,0.035547771,-0.030924896,-0.05209636,0.195312287,0.36782022,0.197490284,0.284157203,0.639252574,0.548907136,0.495783326,0,0,0,0,0,0,0,0,0,0
Hsp90ab1,central nervous system neuron differentiation,1.797292636,2.038678059,0,0,0,0,0,0,0.132703364,0.708323971,-0.268570486,0.035547771,-0.030924896,-0.05209636,0.195312287,0.36782022,0.197490284,0.284157203,0.639252574,0.548907136,0.495783326,0,0,0,0,0,0,0,0,0,0
Hsp90ab1,neuron development,1.797292636,2.038678059,0,0,0,0,0,0,0.132703364,0.708323971,-0.268570486,0.035547771,-0.030924896,-0.05209636,0.195312287,0.36782022,0.197490284,0.284157203,0.639252574,0.548907136,0.495783326,0,0,0,0,0,0,0,0,0,0
Hsp90ab1,neurogenesis,1.797292636,2.038678059,0,0,0,0,0,0,0.132703364,0.708323971,-0.268570486,0.035547771,-0.030924896,-0.05209636,0.195312287,0.36782022,0.197490284,0.284157203,0.639252574,0.548907136,0.495783326,0,0,0,0,0,0,0,0,0,0
Hsp90ab1,neuron projection development,1.797292636,2.038678059,0,0,0,0,0,0,0.132703364,0.708323971,-0.268570486,0.035547771,-0.030924896,-0.05209636,0.195312287,0.36782022,0.197490284,0.284157203,0.639252574,0.548907136,0.495783326,0,0,0,0,0,0,0,0,0,0
Hsp90ab1,nervous system development,1.797292636,2.038678059,0,0,0,0,0,0,0.132703364,0.708323971,-0.268570486,0.035547771,-0.030924896,-0.05209636,0.195312287,0.36782022,0.197490284,0.284157203,0.639252574,0.548907136,0.495783326,0,0,0,0,0,0,0,0,0,0
Hsp90ab1,neuron differentiation,1.797292636,2.038678059,0,0,0,0,0,0,0.132703364,0.708323971,-0.268570486,0.035547771,-0.030924896,-0.05209636,0.195312287,0.36782022,0.197490284,0.284157203,0.639252574,0.548907136,0.495783326,0,0,0,0,0,0,0,0,0,0
Hsp90ab1,generation of neurons,1.797292636,2.038678059,0,0,0,0,0,0,0.132703364,0.708323971,-0.268570486,0.035547771,-0.030924896,-0.05209636,0.195312287,0.36782022,0.197490284,0.284157203,0.639252574,0.548907136,0.495783326,0,0,0,0,0,0,0,0,0,0
Id2,nervous system development,1.657294158,1.71913805,0,0,0,0,0,0,-0.008972383,-0.716401371,0.06790147,0.08936655,-0.0826483,-0.099205089,-0.149550283,-0.110455589,-0.269769526,,,,,0,0,0,0,0,0,0,0,0,0
Id2,neuron differentiation,1.657294158,1.71913805,0,0,0,0,0,0,-0.008972383,-0.716401371,0.06790147,0.08936655,-0.0826483,-0.099205089,-0.149550283,-0.110455589,-0.269769526,,,,,0,0,0,0,0,0,0,0,0,0
Id2,neurogenesis,1.657294158,1.71913805,0,0,0,0,0,0,-0.008972383,-0.716401371,0.06790147,0.08936655,-0.0826483,-0.099205089,-0.149550283,-0.110455589,-0.269769526,,,,,0,0,0,0,0,0,0,0,0,0
Id2,neuron development,1.657294158,1.71913805,0,0,0,0,0,0,-0.008972383,-0.716401371,0.06790147,0.08936655,-0.0826483,-0.099205089,-0.149550283,-0.110455589,-0.269769526,,,,,0,0,0,0,0,0,0,0,0,0
Id2,generation of neurons,1.657294158,1.71913805,0,0,0,0,0,0,-0.008972383,-0.716401371,0.06790147,0.08936655,-0.0826483,-0.099205089,-0.149550283,-0.110455589,-0.269769526,,,,,0,0,0,0,0,0,0,0,0,0
Islr2,neuron development,2.188772325,2.192737496,0,0,0,0,0,0,-0.280675714,0,0,0,0,0,-0.124108112,-0.112769095,0,0.313523936,1.12325114,1.332162091,1.179316934,0,0,0,0,0,0,0,0,0,0
Islr2,axon development,2.188772325,2.192737496,0,0,0,0,0,0,-0.280675714,0,0,0,0,0,-0.124108112,-0.112769095,0,0.313523936,1.12325114,1.332162091,1.179316934,0,0,0,0,0,0,0,0,0,0
Islr2,nervous system development,2.188772325,2.192737496,0,0,0,0,0,0,-0.280675714,0,0,0,0,0,-0.124108112,-0.112769095,0,0.313523936,1.12325114,1.332162091,1.179316934,0,0,0,0,0,0,0,0,0,0
Islr2,neurogenesis,2.188772325,2.192737496,0,0,0,0,0,0,-0.280675714,0,0,0,0,0,-0.124108112,-0.112769095,0,0.313523936,1.12325114,1.332162091,1.179316934,0,0,0,0,0,0,0,0,0,0
Islr2,generation of neurons,2.188772325,2.192737496,0,0,0,0,0,0,-0.280675714,0,0,0,0,0,-0.124108112,-0.112769095,0,0.313523936,1.12325114,1.332162091,1.179316934,0,0,0,0,0,0,0,0,0,0
Islr2,axonogenesis,2.188772325,2.192737496,0,0,0,0,0,0,-0.280675714,0,0,0,0,0,-0.124108112,-0.112769095,0,0.313523936,1.12325114,1.332162091,1.179316934,0,0,0,0,0,0,0,0,0,0
Islr2,neuron projection development,2.188772325,2.192737496,0,0,0,0,0,0,-0.280675714,0,0,0,0,0,-0.124108112,-0.112769095,0,0.313523936,1.12325114,1.332162091,1.179316934,0,0,0,0,0,0,0,0,0,0
Islr2,neuron differentiation,2.188772325,2.192737496,0,0,0,0,0,0,-0.280675714,0,0,0,0,0,-0.124108112,-0.112769095,0,0.313523936,1.12325114,1.332162091,1.179316934,0,0,0,0,0,0,0,0,0,0
Jun,axon development,1.426508464,1.48910685,0,0,0,0,0,0,2.485032539,2.507639511,0.689393619,1.256971704,1.067926083,1.886953077,0.452998145,2.13850963,0.268699962,,,,,-0.999264334,-1.069395529,-0.927782678,-1.003234396,-0.933454743,-1.180409665,-0.574793644,-1.211923607,-0.898193074,-0.946893948
Lhx2,axon development,1.546509642,1.547372131,0,0,0,0,0,0,0,0,0,0,0,0,0,0,0,,,,,0,0,0,0,0,0,0,0,0,0
Map1b,axon development,1.458011826,1.470548265,0,0,0,0,0,0,0.734869811,1.424891854,-0.407583881,-0.206891795,0.023529411,0.427227578,0.342874974,0.351639203,0.351075702,0.023824463,0.057494175,0.8302085,0.470304447,0,0,0,0,0,0,0,0,0,0
Map4k4,neuron projection development,1.825245943,1.846727757,0,0,0,0,0,0,0.255383023,0.489816697,0,0,0,0.095657178,0.159312599,0.144479939,0.189841528,-0.058109942,0.098582575,0.424133469,0.341075529,0,0,0,0,0,0,-0.265347534,-0.297806163,0,0
Map4k4,regulation of cell migration,1.825245943,1.846727757,0,0,0,0,0,0,0.255383023,0.489816697,0,0,0,0.095657178,0.159312599,0.144479939,0.189841528,-0.058109942,0.098582575,0.424133469,0.341075529,0,0,0,0,0,0,-0.265347534,-0.297806163,0,0
Map4k4,neuron differentiation,1.825245943,1.846727757,0,0,0,0,0,0,0.255383023,0.489816697,0,0,0,0.095657178,0.159312599,0.144479939,0.189841528,-0.058109942,0.098582575,0.424133469,0.341075529,0,0,0,0,0,0,-0.265347534,-0.297806163,0,0
Map4k4,positive regulation of cell motility,1.825245943,1.846727757,0,0,0,0,0,0,0.255383023,0.489816697,0,0,0,0.095657178,0.159312599,0.144479939,0.189841528,-0.058109942,0.098582575,0.424133469,0.341075529,0,0,0,0,0,0,-0.265347534,-0.297806163,0,0
Map4k4,neuron development,1.825245943,1.846727757,0,0,0,0,0,0,0.255383023,0.489816697,0,0,0,0.095657178,0.159312599,0.144479939,0.189841528,-0.058109942,0.098582575,0.424133469,0.341075529,0,0,0,0,0,0,-0.265347534,-0.297806163,0,0
Map4k4,generation of neurons,1.825245943,1.846727757,0,0,0,0,0,0,0.255383023,0.489816697,0,0,0,0.095657178,0.159312599,0.144479939,0.189841528,-0.058109942,0.098582575,0.424133469,0.341075529,0,0,0,0,0,0,-0.265347534,-0.297806163,0,0
Map4k4,neurogenesis,1.825245943,1.846727757,0,0,0,0,0,0,0.255383023,0.489816697,0,0,0,0.095657178,0.159312599,0.144479939,0.189841528,-0.058109942,0.098582575,0.424133469,0.341075529,0,0,0,0,0,0,-0.265347534,-0.297806163,0,0
Map4k4,Regulation of cellular component movement,1.825245943,1.846727757,0,0,0,0,0,0,0.255383023,0.489816697,0,0,0,0.095657178,0.159312599,0.144479939,0.189841528,-0.058109942,0.098582575,0.424133469,0.341075529,0,0,0,0,0,0,-0.265347534,-0.297806163,0,0
Map4k4,nervous system development,1.825245943,1.846727757,0,0,0,0,0,0,0.255383023,0.489816697,0,0,0,0.095657178,0.159312599,0.144479939,0.189841528,-0.058109942,0.098582575,0.424133469,0.341075529,0,0,0,0,0,0,-0.265347534,-0.297806163,0,0
Marcks,neuron development,1.779827272,1.798511995,0,0,0,0,0,0,0.409872307,1.046590988,0.843198716,1.625181088,0.425183532,1.62500531,0.210097842,0.414295172,1.295337109,1.85087225,2.605359702,2.620602183,2.013819083,0.676464634,0.365901589,0.42991287,0.457490304,0,0,0.497171068,0,0,0
Marcks,neuron projection development,1.779827272,1.798511995,0,0,0,0,0,0,0.409872307,1.046590988,0.843198716,1.625181088,0.425183532,1.62500531,0.210097842,0.414295172,1.295337109,1.85087225,2.605359702,2.620602183,2.013819083,0.676464634,0.365901589,0.42991287,0.457490304,0,0,0.497171068,0,0,0
Marcks,generation of neurons,1.779827272,1.798511995,0,0,0,0,0,0,0.409872307,1.046590988,0.843198716,1.625181088,0.425183532,1.62500531,0.210097842,0.414295172,1.295337109,1.85087225,2.605359702,2.620602183,2.013819083,0.676464634,0.365901589,0.42991287,0.457490304,0,0,0.497171068,0,0,0
Marcks,neurogenesis,1.779827272,1.798511995,0,0,0,0,0,0,0.409872307,1.046590988,0.843198716,1.625181088,0.425183532,1.62500531,0.210097842,0.414295172,1.295337109,1.85087225,2.605359702,2.620602183,2.013819083,0.676464634,0.365901589,0.42991287,0.457490304,0,0,0.497171068,0,0,0
Marcks,nervous system development,1.779827272,1.798511995,0,0,0,0,0,0,0.409872307,1.046590988,0.843198716,1.625181088,0.425183532,1.62500531,0.210097842,0.414295172,1.295337109,1.85087225,2.605359702,2.620602183,2.013819083,0.676464634,0.365901589,0.42991287,0.457490304,0,0,0.497171068,0,0,0
Marcks,neuron differentiation,1.779827272,1.798511995,0,0,0,0,0,0,0.409872307,1.046590988,0.843198716,1.625181088,0.425183532,1.62500531,0.210097842,0.414295172,1.295337109,1.85087225,2.605359702,2.620602183,2.013819083,0.676464634,0.365901589,0.42991287,0.457490304,0,0,0.497171068,0,0,0
Marcksl1,nervous system development,1.778874091,1.777030748,0,0,0,0,0,0,1.058069745,0.765731655,0,0,0,0.877705037,0.496075557,1.044680499,0,0.199644536,0.480185443,0.561780108,0.295794028,-0.429986022,-0.442999614,-0.593531455,0,-0.603267923,-0.749005145,0,-0.668573013,-0.37637352,-0.505419244
Meis2,nervous system development,1.832211562,1.821505605,0,0,0,0,0,0,0,0.455703997,0.015103537,-0.417763093,0.242797132,0.253073253,0.111379826,0,0,1.719560674,1.869294835,2.789896441,2.118152659,0.699511078,0,0.595767712,-0.741273494,-0.422808008,0,1.355643192,0.323238926,0,0
Mtss1,nervous system development,2.195343957,2.177647893,0,0,0,0,0,0,0.300060409,0.718616214,0.463480884,0.873850133,0.333461941,0.593159455,0.259819826,0.863954198,0.090415959,,,,,0,0,0,0,0,0,0.339904393,0,0,0
Neo1,axon development,1.64091272,1.57608272,0,0,0,0,0,0,0.205164657,-0.230139139,-0.020080479,-0.003807159,0.268143166,-0.037805842,0.239032609,0.058306713,0,,,,,0,0,0,0,0,0,0,0,0,0
Neurod2,neurogenesis,1.681530719,1.755275978,0,0,0,0,0,0,0,0,0,0,0,0,0,0,0,,,,,0.715019905,0,0,0.259793837,0,0.267993028,0,0,0,0
Neurod2,neuron development,1.681530719,1.755275978,0,0,0,0,0,0,0,0,0,0,0,0,0,0,0,,,,,0.715019905,0,0,0.259793837,0,0.267993028,0,0,0,0
Neurod2,neuron differentiation,1.681530719,1.755275978,0,0,0,0,0,0,0,0,0,0,0,0,0,0,0,,,,,0.715019905,0,0,0.259793837,0,0.267993028,0,0,0,0
Neurod2,generation of neurons,1.681530719,1.755275978,0,0,0,0,0,0,0,0,0,0,0,0,0,0,0,,,,,0.715019905,0,0,0.259793837,0,0.267993028,0,0,0,0
Neurod2,nervous system development,1.681530719,1.755275978,0,0,0,0,0,0,0,0,0,0,0,0,0,0,0,,,,,0.715019905,0,0,0.259793837,0,0.267993028,0,0,0,0
Neurod6,generation of neurons,2.162313938,2.050383195,0,0,0,0,0,0,0,0,0,0,0,0,0,0,0,-0.019716525,0.693794153,1.259510215,1.267360542,0,0,0,0,0,0,0,0,0,0
Neurod6,nervous system development,2.162313938,2.050383195,0,0,0,0,0,0,0,0,0,0,0,0,0,0,0,-0.019716525,0.693794153,1.259510215,1.267360542,0,0,0,0,0,0,0,0,0,0
Neurod6,neurogenesis,2.162313938,2.050383195,0,0,0,0,0,0,0,0,0,0,0,0,0,0,0,-0.019716525,0.693794153,1.259510215,1.267360542,0,0,0,0,0,0,0,0,0,0
Neurod6,neuron differentiation,2.162313938,2.050383195,0,0,0,0,0,0,0,0,0,0,0,0,0,0,0,-0.019716525,0.693794153,1.259510215,1.267360542,0,0,0,0,0,0,0,0,0,0
Nfix,neurogenesis,2.052180197,2.192752426,0,0,0,0,0,0,0,0,0,0,-0.305379195,0,0.159460483,0.088036887,0,,,,,0,0,0,0,0,0,0,0,0,0
Nfix,neuron differentiation,2.052180197,2.192752426,0,0,0,0,0,0,0,0,0,0,-0.305379195,0,0.159460483,0.088036887,0,,,,,0,0,0,0,0,0,0,0,0,0
Nfix,central nervous system neuron differentiation,2.052180197,2.192752426,0,0,0,0,0,0,0,0,0,0,-0.305379195,0,0.159460483,0.088036887,0,,,,,0,0,0,0,0,0,0,0,0,0
Nfix,generation of neurons,2.052180197,2.192752426,0,0,0,0,0,0,0,0,0,0,-0.305379195,0,0.159460483,0.088036887,0,,,,,0,0,0,0,0,0,0,0,0,0
Nfix,nervous system development,2.052180197,2.192752426,0,0,0,0,0,0,0,0,0,0,-0.305379195,0,0.159460483,0.088036887,0,,,,,0,0,0,0,0,0,0,0,0,0
Nnat,nervous system development,3.108832388,3.194012099,0,0,0,0,0,0,0,0.817952326,0,0,0,0.378801974,0,0,0.321570768,,,,,0,0,0,0,0,-0.265944697,0,-0.488575069,0,0
Nrep,axon development,1.406483702,1.408233257,0,0,0,0,0,0,0.319005788,0.36802877,0.030164054,0,0,0.188473107,0.071458636,-0.04851282,-0.044283642,,,,,0.386516674,0.318869301,0,0.389651308,0.274583219,0,0,0,0,0.361628128
Nrg1,axon development,1.611847163,1.503610345,0,0,0,0,0,0,-0.321042956,0.100610307,-0.047671385,-0.27359676,-0.192355005,-0.263329688,0.292186672,0.005754734,0.016917008,-0.78621851,-0.719452399,0.167065606,0.289901187,0,0,0,0,0,0,0,0,0,0
Nrp1,positive regulation of cell motility,2.097414385,1.904812579,0,-0.133947372,0,-0.279866838,0,-0.169199011,-0.508451671,-0.613490175,0.325486312,0.086333716,-0.665411434,-0.263248152,0.178107884,0,0.44599013,0.186448987,0.415165621,0.563193133,0.501195382,0,0,0,0,0,0,0,0,0,0
Nrp1,generation of neurons,2.097414385,1.904812579,0,-0.133947372,0,-0.279866838,0,-0.169199011,-0.508451671,-0.613490175,0.325486312,0.086333716,-0.665411434,-0.263248152,0.178107884,0,0.44599013,0.186448987,0.415165621,0.563193133,0.501195382,0,0,0,0,0,0,0,0,0,0
Nrp1,neuron development,2.097414385,1.904812579,0,-0.133947372,0,-0.279866838,0,-0.169199011,-0.508451671,-0.613490175,0.325486312,0.086333716,-0.665411434,-0.263248152,0.178107884,0,0.44599013,0.186448987,0.415165621,0.563193133,0.501195382,0,0,0,0,0,0,0,0,0,0
Nrp1,Regulation of cellular component movement,2.097414385,1.904812579,0,-0.133947372,0,-0.279866838,0,-0.169199011,-0.508451671,-0.613490175,0.325486312,0.086333716,-0.665411434,-0.263248152,0.178107884,0,0.44599013,0.186448987,0.415165621,0.563193133,0.501195382,0,0,0,0,0,0,0,0,0,0
Nrp1,regulation of cell migration,2.097414385,1.904812579,0,-0.133947372,0,-0.279866838,0,-0.169199011,-0.508451671,-0.613490175,0.325486312,0.086333716,-0.665411434,-0.263248152,0.178107884,0,0.44599013,0.186448987,0.415165621,0.563193133,0.501195382,0,0,0,0,0,0,0,0,0,0
Nrp1,central nervous system neuron differentiation,2.097414385,1.904812579,0,-0.133947372,0,-0.279866838,0,-0.169199011,-0.508451671,-0.613490175,0.325486312,0.086333716,-0.665411434,-0.263248152,0.178107884,0,0.44599013,0.186448987,0.415165621,0.563193133,0.501195382,0,0,0,0,0,0,0,0,0,0
Nrp1,neurogenesis,2.097414385,1.904812579,0,-0.133947372,0,-0.279866838,0,-0.169199011,-0.508451671,-0.613490175,0.325486312,0.086333716,-0.665411434,-0.263248152,0.178107884,0,0.44599013,0.186448987,0.415165621,0.563193133,0.501195382,0,0,0,0,0,0,0,0,0,0
Nrp1,neuron differentiation,2.097414385,1.904812579,0,-0.133947372,0,-0.279866838,0,-0.169199011,-0.508451671,-0.613490175,0.325486312,0.086333716,-0.665411434,-0.263248152,0.178107884,0,0.44599013,0.186448987,0.415165621,0.563193133,0.501195382,0,0,0,0,0,0,0,0,0,0
Nrp1,axonogenesis,2.097414385,1.904812579,0,-0.133947372,0,-0.279866838,0,-0.169199011,-0.508451671,-0.613490175,0.325486312,0.086333716,-0.665411434,-0.263248152,0.178107884,0,0.44599013,0.186448987,0.415165621,0.563193133,0.501195382,0,0,0,0,0,0,0,0,0,0
Nrp1,axon development,2.097414385,1.904812579,0,-0.133947372,0,-0.279866838,0,-0.169199011,-0.508451671,-0.613490175,0.325486312,0.086333716,-0.665411434,-0.263248152,0.178107884,0,0.44599013,0.186448987,0.415165621,0.563193133,0.501195382,0,0,0,0,0,0,0,0,0,0
Nrp1,nervous system development,2.097414385,1.904812579,0,-0.133947372,0,-0.279866838,0,-0.169199011,-0.508451671,-0.613490175,0.325486312,0.086333716,-0.665411434,-0.263248152,0.178107884,0,0.44599013,0.186448987,0.415165621,0.563193133,0.501195382,0,0,0,0,0,0,0,0,0,0
Nrp1,neuron projection development,2.097414385,1.904812579,0,-0.133947372,0,-0.279866838,0,-0.169199011,-0.508451671,-0.613490175,0.325486312,0.086333716,-0.665411434,-0.263248152,0.178107884,0,0.44599013,0.186448987,0.415165621,0.563193133,0.501195382,0,0,0,0,0,0,0,0,0,0
Nrp2,neuron differentiation,2.08877581,2.100864724,0,0,0,0,0,0,-0.436048581,0.40869727,0.353196319,0.780816451,-0.161544342,0.283345809,0.380024431,0,0.328979148,0.543372402,0.197731133,0.582446066,0.760458596,0,0,0,0.401222649,0,0.350492965,0,0,0,0
Nrp2,axon development,2.08877581,2.100864724,0,0,0,0,0,0,-0.436048581,0.40869727,0.353196319,0.780816451,-0.161544342,0.283345809,0.380024431,0,0.328979148,0.543372402,0.197731133,0.582446066,0.760458596,0,0,0,0.401222649,0,0.350492965,0,0,0,0
Nrp2,axonogenesis,2.08877581,2.100864724,0,0,0,0,0,0,-0.436048581,0.40869727,0.353196319,0.780816451,-0.161544342,0.283345809,0.380024431,0,0.328979148,0.543372402,0.197731133,0.582446066,0.760458596,0,0,0,0.401222649,0,0.350492965,0,0,0,0
Nrp2,generation of neurons,2.08877581,2.100864724,0,0,0,0,0,0,-0.436048581,0.40869727,0.353196319,0.780816451,-0.161544342,0.283345809,0.380024431,0,0.328979148,0.543372402,0.197731133,0.582446066,0.760458596,0,0,0,0.401222649,0,0.350492965,0,0,0,0
Nrp2,central nervous system neuron differentiation,2.08877581,2.100864724,0,0,0,0,0,0,-0.436048581,0.40869727,0.353196319,0.780816451,-0.161544342,0.283345809,0.380024431,0,0.328979148,0.543372402,0.197731133,0.582446066,0.760458596,0,0,0,0.401222649,0,0.350492965,0,0,0,0
Nrp2,neuron development,2.08877581,2.100864724,0,0,0,0,0,0,-0.436048581,0.40869727,0.353196319,0.780816451,-0.161544342,0.283345809,0.380024431,0,0.328979148,0.543372402,0.197731133,0.582446066,0.760458596,0,0,0,0.401222649,0,0.350492965,0,0,0,0
Nrp2,nervous system development,2.08877581,2.100864724,0,0,0,0,0,0,-0.436048581,0.40869727,0.353196319,0.780816451,-0.161544342,0.283345809,0.380024431,0,0.328979148,0.543372402,0.197731133,0.582446066,0.760458596,0,0,0,0.401222649,0,0.350492965,0,0,0,0
Nrp2,neurogenesis,2.08877581,2.100864724,0,0,0,0,0,0,-0.436048581,0.40869727,0.353196319,0.780816451,-0.161544342,0.283345809,0.380024431,0,0.328979148,0.543372402,0.197731133,0.582446066,0.760458596,0,0,0,0.401222649,0,0.350492965,0,0,0,0
Nrp2,neuron projection development,2.08877581,2.100864724,0,0,0,0,0,0,-0.436048581,0.40869727,0.353196319,0.780816451,-0.161544342,0.283345809,0.380024431,0,0.328979148,0.543372402,0.197731133,0.582446066,0.760458596,0,0,0,0.401222649,0,0.350492965,0,0,0,0
Pbx1,nervous system development,1.820104563,1.701046399,0,0,0,0,0,0,-0.112828349,0.244643755,-0.038506581,0.759286521,-0.113508621,0.425775948,0.447630601,0.474923059,0.402731564,-0.205212048,-0.330154536,0.047550564,0.321002436,0,0,0,0,0,0,0.446442882,0,0,0
Pbx1,neuron development,1.820104563,1.701046399,0,0,0,0,0,0,-0.112828349,0.244643755,-0.038506581,0.759286521,-0.113508621,0.425775948,0.447630601,0.474923059,0.402731564,-0.205212048,-0.330154536,0.047550564,0.321002436,0,0,0,0,0,0,0.446442882,0,0,0
Pbx1,neurogenesis,1.820104563,1.701046399,0,0,0,0,0,0,-0.112828349,0.244643755,-0.038506581,0.759286521,-0.113508621,0.425775948,0.447630601,0.474923059,0.402731564,-0.205212048,-0.330154536,0.047550564,0.321002436,0,0,0,0,0,0,0.446442882,0,0,0
Pbx1,neuron differentiation,1.820104563,1.701046399,0,0,0,0,0,0,-0.112828349,0.244643755,-0.038506581,0.759286521,-0.113508621,0.425775948,0.447630601,0.474923059,0.402731564,-0.205212048,-0.330154536,0.047550564,0.321002436,0,0,0,0,0,0,0.446442882,0,0,0
Pbx1,generation of neurons,1.820104563,1.701046399,0,0,0,0,0,0,-0.112828349,0.244643755,-0.038506581,0.759286521,-0.113508621,0.425775948,0.447630601,0.474923059,0.402731564,-0.205212048,-0.330154536,0.047550564,0.321002436,0,0,0,0,0,0,0.446442882,0,0,0
Plppr1,nervous system development,2.723122528,2.743865449,0,0,0,0,0,0,0.829358108,0.356341224,0,0,0,0,0,0.465535768,0,-0.393500272,-0.316896098,-0.148613826,0.078198855,0,0,0,0,0,0,0,0,0,0
Ptprk,neuron development,2.363795959,2.360752543,0,0,0,0,0,0,0,0,0,0,0,0,0,0,-0.618006577,,,,,0,0,0,0,0,0,0,0,0,0
Ptprk,generation of neurons,2.363795959,2.360752543,0,0,0,0,0,0,0,0,0,0,0,0,0,0,-0.618006577,,,,,0,0,0,0,0,0,0,0,0,0
Ptprk,neuron differentiation,2.363795959,2.360752543,0,0,0,0,0,0,0,0,0,0,0,0,0,0,-0.618006577,,,,,0,0,0,0,0,0,0,0,0,0
Ptprk,neurogenesis,2.363795959,2.360752543,0,0,0,0,0,0,0,0,0,0,0,0,0,0,-0.618006577,,,,,0,0,0,0,0,0,0,0,0,0
Ptprk,regulation of cell migration,2.363795959,2.360752543,0,0,0,0,0,0,0,0,0,0,0,0,0,0,-0.618006577,,,,,0,0,0,0,0,0,0,0,0,0
Ptprk,neuron projection development,2.363795959,2.360752543,0,0,0,0,0,0,0,0,0,0,0,0,0,0,-0.618006577,,,,,0,0,0,0,0,0,0,0,0,0
Ptprk,Regulation of cellular component movement,2.363795959,2.360752543,0,0,0,0,0,0,0,0,0,0,0,0,0,0,-0.618006577,,,,,0,0,0,0,0,0,0,0,0,0
Ptprk,nervous system development,2.363795959,2.360752543,0,0,0,0,0,0,0,0,0,0,0,0,0,0,-0.618006577,,,,,0,0,0,0,0,0,0,0,0,0
Ptprz1,neuron development,2.272719217,2.281427209,0,0,0,0,0,0,0.297700604,0,0,0,-0.009380051,-0.090704611,0.051462465,-0.026734234,0,,,,,0,0,0,0,0,0,0,0,0,0
Ptprz1,Regulation of cellular component movement,2.272719217,2.281427209,0,0,0,0,0,0,0.297700604,0,0,0,-0.009380051,-0.090704611,0.051462465,-0.026734234,0,,,,,0,0,0,0,0,0,0,0,0,0
Ptprz1,neurogenesis,2.272719217,2.281427209,0,0,0,0,0,0,0.297700604,0,0,0,-0.009380051,-0.090704611,0.051462465,-0.026734234,0,,,,,0,0,0,0,0,0,0,0,0,0
Ptprz1,neuron differentiation,2.272719217,2.281427209,0,0,0,0,0,0,0.297700604,0,0,0,-0.009380051,-0.090704611,0.051462465,-0.026734234,0,,,,,0,0,0,0,0,0,0,0,0,0
Ptprz1,neuron projection development,2.272719217,2.281427209,0,0,0,0,0,0,0.297700604,0,0,0,-0.009380051,-0.090704611,0.051462465,-0.026734234,0,,,,,0,0,0,0,0,0,0,0,0,0
Ptprz1,axonogenesis,2.272719217,2.281427209,0,0,0,0,0,0,0.297700604,0,0,0,-0.009380051,-0.090704611,0.051462465,-0.026734234,0,,,,,0,0,0,0,0,0,0,0,0,0
Ptprz1,axon development,2.272719217,2.281427209,0,0,0,0,0,0,0.297700604,0,0,0,-0.009380051,-0.090704611,0.051462465,-0.026734234,0,,,,,0,0,0,0,0,0,0,0,0,0
Ptprz1,positive regulation of cell motility,2.272719217,2.281427209,0,0,0,0,0,0,0.297700604,0,0,0,-0.009380051,-0.090704611,0.051462465,-0.026734234,0,,,,,0,0,0,0,0,0,0,0,0,0
Ptprz1,nervous system development,2.272719217,2.281427209,0,0,0,0,0,0,0.297700604,0,0,0,-0.009380051,-0.090704611,0.051462465,-0.026734234,0,,,,,0,0,0,0,0,0,0,0,0,0
Ptprz1,regulation of cell migration,2.272719217,2.281427209,0,0,0,0,0,0,0.297700604,0,0,0,-0.009380051,-0.090704611,0.051462465,-0.026734234,0,,,,,0,0,0,0,0,0,0,0,0,0
Ptprz1,generation of neurons,2.272719217,2.281427209,0,0,0,0,0,0,0.297700604,0,0,0,-0.009380051,-0.090704611,0.051462465,-0.026734234,0,,,,,0,0,0,0,0,0,0,0,0,0
Rps7,nervous system development,1.6898906,1.775005587,0,0,0,0,0,0,-0.049627391,0.483021387,-0.002821547,0.14722162,-0.302564093,-0.166750428,0.179098599,0.057184378,-0.032729359,0.396514179,0.373862291,0.136780142,-0.080022773,0,-0.300934691,-0.402204208,0,0,-0.311044839,0,0,0,-0.274809074
Rtn4,axon development,1.415503831,1.377966435,0,0,0,0,0,0,0.940870703,1.669228893,0.038342173,0.601422247,0.247182669,0.587464897,0.318491637,0.896028064,0.499695049,0.42137623,0.811004738,0.55995797,0.082545275,0,0,0,-0.40826181,-0.315430766,-0.270063335,0,-0.442241894,0,0
Sdk1,neurogenesis,1.655428637,1.70341325,0,0,0,0,0,0,0.788537657,0.82820867,0,0,-0.0633272,0.645494364,0.200948472,0.783184079,0,-0.531586731,-0.76443238,-0.126364502,0.194536592,0,0,0,0,0,0,0,0,0,0
Sdk1,generation of neurons,1.655428637,1.70341325,0,0,0,0,0,0,0.788537657,0.82820867,0,0,-0.0633272,0.645494364,0.200948472,0.783184079,0,-0.531586731,-0.76443238,-0.126364502,0.194536592,0,0,0,0,0,0,0,0,0,0
Sdk1,neuron differentiation,1.655428637,1.70341325,0,0,0,0,0,0,0.788537657,0.82820867,0,0,-0.0633272,0.645494364,0.200948472,0.783184079,0,-0.531586731,-0.76443238,-0.126364502,0.194536592,0,0,0,0,0,0,0,0,0,0
Sdk1,nervous system development,1.655428637,1.70341325,0,0,0,0,0,0,0.788537657,0.82820867,0,0,-0.0633272,0.645494364,0.200948472,0.783184079,0,-0.531586731,-0.76443238,-0.126364502,0.194536592,0,0,0,0,0,0,0,0,0,0
Sdk1,neuron development,1.655428637,1.70341325,0,0,0,0,0,0,0.788537657,0.82820867,0,0,-0.0633272,0.645494364,0.200948472,0.783184079,0,-0.531586731,-0.76443238,-0.126364502,0.194536592,0,0,0,0,0,0,0,0,0,0
Sdk1,neuron projection development,1.655428637,1.70341325,0,0,0,0,0,0,0.788537657,0.82820867,0,0,-0.0633272,0.645494364,0.200948472,0.783184079,0,-0.531586731,-0.76443238,-0.126364502,0.194536592,0,0,0,0,0,0,0,0,0,0
Sema3c,positive regulation of cell motility,2.343314475,2.492098225,0,0,0,0,0,0,0.612999045,0.397939322,0,0,0,0.287831353,0.011205747,0.551728765,0.118871818,-0.726704016,-0.305486009,-0.172433457,-0.053903823,0,0,0,0,0,-0.263689431,0,-0.375953658,0,0
Sema3c,neuron development,2.343314475,2.492098225,0,0,0,0,0,0,0.612999045,0.397939322,0,0,0,0.287831353,0.011205747,0.551728765,0.118871818,-0.726704016,-0.305486009,-0.172433457,-0.053903823,0,0,0,0,0,-0.263689431,0,-0.375953658,0,0
Sema3c,axon development,2.343314475,2.492098225,0,0,0,0,0,0,0.612999045,0.397939322,0,0,0,0.287831353,0.011205747,0.551728765,0.118871818,-0.726704016,-0.305486009,-0.172433457,-0.053903823,0,0,0,0,0,-0.263689431,0,-0.375953658,0,0
Sema3c,Regulation of cellular component movement,2.343314475,2.492098225,0,0,0,0,0,0,0.612999045,0.397939322,0,0,0,0.287831353,0.011205747,0.551728765,0.118871818,-0.726704016,-0.305486009,-0.172433457,-0.053903823,0,0,0,0,0,-0.263689431,0,-0.375953658,0,0
Sema3c,neurogenesis,2.343314475,2.492098225,0,0,0,0,0,0,0.612999045,0.397939322,0,0,0,0.287831353,0.011205747,0.551728765,0.118871818,-0.726704016,-0.305486009,-0.172433457,-0.053903823,0,0,0,0,0,-0.263689431,0,-0.375953658,0,0
Sema3c,neuron projection development,2.343314475,2.492098225,0,0,0,0,0,0,0.612999045,0.397939322,0,0,0,0.287831353,0.011205747,0.551728765,0.118871818,-0.726704016,-0.305486009,-0.172433457,-0.053903823,0,0,0,0,0,-0.263689431,0,-0.375953658,0,0
Sema3c,axonogenesis,2.343314475,2.492098225,0,0,0,0,0,0,0.612999045,0.397939322,0,0,0,0.287831353,0.011205747,0.551728765,0.118871818,-0.726704016,-0.305486009,-0.172433457,-0.053903823,0,0,0,0,0,-0.263689431,0,-0.375953658,0,0
Sema3c,nervous system development,2.343314475,2.492098225,0,0,0,0,0,0,0.612999045,0.397939322,0,0,0,0.287831353,0.011205747,0.551728765,0.118871818,-0.726704016,-0.305486009,-0.172433457,-0.053903823,0,0,0,0,0,-0.263689431,0,-0.375953658,0,0
Sema3c,regulation of cell migration,2.343314475,2.492098225,0,0,0,0,0,0,0.612999045,0.397939322,0,0,0,0.287831353,0.011205747,0.551728765,0.118871818,-0.726704016,-0.305486009,-0.172433457,-0.053903823,0,0,0,0,0,-0.263689431,0,-0.375953658,0,0
Sema3c,generation of neurons,2.343314475,2.492098225,0,0,0,0,0,0,0.612999045,0.397939322,0,0,0,0.287831353,0.011205747,0.551728765,0.118871818,-0.726704016,-0.305486009,-0.172433457,-0.053903823,0,0,0,0,0,-0.263689431,0,-0.375953658,0,0
Sema3c,neuron differentiation,2.343314475,2.492098225,0,0,0,0,0,0,0.612999045,0.397939322,0,0,0,0.287831353,0.011205747,0.551728765,0.118871818,-0.726704016,-0.305486009,-0.172433457,-0.053903823,0,0,0,0,0,-0.263689431,0,-0.375953658,0,0
Sox11,neuron differentiation,3.863870784,3.867959228,0,0,0,0,0,0,2.861143002,3.94526702,2.413549049,2.141904281,1.977208474,2.916808486,1.795184105,2.653030115,2.587443859,1.592592383,1.95027109,1.621289945,0.988174662,-0.791790413,-0.886054238,-0.743045417,-1.10072111,-1.012698504,-0.931430804,-0.58546054,-1.308836655,-0.684882279,-0.930353036
Sox11,neurogenesis,3.863870784,3.867959228,0,0,0,0,0,0,2.861143002,3.94526702,2.413549049,2.141904281,1.977208474,2.916808486,1.795184105,2.653030115,2.587443859,1.592592383,1.95027109,1.621289945,0.988174662,-0.791790413,-0.886054238,-0.743045417,-1.10072111,-1.012698504,-0.931430804,-0.58546054,-1.308836655,-0.684882279,-0.930353036
Sox11,nervous system development,3.863870784,3.867959228,0,0,0,0,0,0,2.861143002,3.94526702,2.413549049,2.141904281,1.977208474,2.916808486,1.795184105,2.653030115,2.587443859,1.592592383,1.95027109,1.621289945,0.988174662,-0.791790413,-0.886054238,-0.743045417,-1.10072111,-1.012698504,-0.931430804,-0.58546054,-1.308836655,-0.684882279,-0.930353036
Sox11,generation of neurons,3.863870784,3.867959228,0,0,0,0,0,0,2.861143002,3.94526702,2.413549049,2.141904281,1.977208474,2.916808486,1.795184105,2.653030115,2.587443859,1.592592383,1.95027109,1.621289945,0.988174662,-0.791790413,-0.886054238,-0.743045417,-1.10072111,-1.012698504,-0.931430804,-0.58546054,-1.308836655,-0.684882279,-0.930353036
Sox4,nervous system development,3.236878588,3.262524803,0,0,0,0,0,0,-0.132838632,0.275753369,0.072568151,0,-0.608076542,-0.497133843,-0.184085082,-0.265528254,-0.137306816,0.46792248,0.817076682,1.130190677,0.803452956,0,0,0,0,0.284875228,0,0,0,0,0.391912661
Sox4,central nervous system neuron differentiation,3.236878588,3.262524803,0,0,0,0,0,0,-0.132838632,0.275753369,0.072568151,0,-0.608076542,-0.497133843,-0.184085082,-0.265528254,-0.137306816,0.46792248,0.817076682,1.130190677,0.803452956,0,0,0,0,0.284875228,0,0,0,0,0.391912661
Sox4,generation of neurons,3.236878588,3.262524803,0,0,0,0,0,0,-0.132838632,0.275753369,0.072568151,0,-0.608076542,-0.497133843,-0.184085082,-0.265528254,-0.137306816,0.46792248,0.817076682,1.130190677,0.803452956,0,0,0,0,0.284875228,0,0,0,0,0.391912661
Sox4,neurogenesis,3.236878588,3.262524803,0,0,0,0,0,0,-0.132838632,0.275753369,0.072568151,0,-0.608076542,-0.497133843,-0.184085082,-0.265528254,-0.137306816,0.46792248,0.817076682,1.130190677,0.803452956,0,0,0,0,0.284875228,0,0,0,0,0.391912661
Sox4,neuron differentiation,3.236878588,3.262524803,0,0,0,0,0,0,-0.132838632,0.275753369,0.072568151,0,-0.608076542,-0.497133843,-0.184085082,-0.265528254,-0.137306816,0.46792248,0.817076682,1.130190677,0.803452956,0,0,0,0,0.284875228,0,0,0,0,0.391912661
Srgap1,Regulation of cellular component movement,1.869641665,1.862481653,0,0,0,0,0,0,0.685378732,1.364141501,0.08527392,0.271570986,0.176479684,0.548125094,0.010002318,0.694249906,0.278992895,-0.562468132,-0.53652608,-0.21984937,0.24230424,0,0,0,0,0,0,0,-0.430038954,0,0
Srgap1,regulation of cell migration,1.869641665,1.862481653,0,0,0,0,0,0,0.685378732,1.364141501,0.08527392,0.271570986,0.176479684,0.548125094,0.010002318,0.694249906,0.278992895,-0.562468132,-0.53652608,-0.21984937,0.24230424,0,0,0,0,0,0,0,-0.430038954,0,0
Srrm4,neurogenesis,1.867968497,1.85711271,0,0,0,0,0,0,0.44851517,1.575279798,0,0,-0.507274781,0.765092955,0.323505194,0.473606607,-0.145376492,,,,,0,0,0,0,0,0,0,0,0,0
Srrm4,neuron differentiation,1.867968497,1.85711271,0,0,0,0,0,0,0.44851517,1.575279798,0,0,-0.507274781,0.765092955,0.323505194,0.473606607,-0.145376492,,,,,0,0,0,0,0,0,0,0,0,0
Srrm4,nervous system development,1.867968497,1.85711271,0,0,0,0,0,0,0.44851517,1.575279798,0,0,-0.507274781,0.765092955,0.323505194,0.473606607,-0.145376492,,,,,0,0,0,0,0,0,0,0,0,0
Srrm4,neuron development,1.867968497,1.85711271,0,0,0,0,0,0,0.44851517,1.575279798,0,0,-0.507274781,0.765092955,0.323505194,0.473606607,-0.145376492,,,,,0,0,0,0,0,0,0,0,0,0
Srrm4,generation of neurons,1.867968497,1.85711271,0,0,0,0,0,0,0.44851517,1.575279798,0,0,-0.507274781,0.765092955,0.323505194,0.473606607,-0.145376492,,,,,0,0,0,0,0,0,0,0,0,0
Stmn1,Regulation of cellular component movement,3.16468027,3.261025227,0,0,0,0,0,0,0.549628755,1.535435234,0.353845483,1.496219232,0.644778371,1.156429847,0.238732825,0.697716137,0.579965702,0.684490122,1.370357009,1.673078822,1.378531914,0,0,0,0.387410292,0,0,0.465892913,0,0,0
Stmn1,axon development,3.16468027,3.261025227,0,0,0,0,0,0,0.549628755,1.535435234,0.353845483,1.496219232,0.644778371,1.156429847,0.238732825,0.697716137,0.579965702,0.684490122,1.370357009,1.673078822,1.378531914,0,0,0,0.387410292,0,0,0.465892913,0,0,0
Stmn1,nervous system development,3.16468027,3.261025227,0,0,0,0,0,0,0.549628755,1.535435234,0.353845483,1.496219232,0.644778371,1.156429847,0.238732825,0.697716137,0.579965702,0.684490122,1.370357009,1.673078822,1.378531914,0,0,0,0.387410292,0,0,0.465892913,0,0,0
Stmn1,neuron projection development,3.16468027,3.261025227,0,0,0,0,0,0,0.549628755,1.535435234,0.353845483,1.496219232,0.644778371,1.156429847,0.238732825,0.697716137,0.579965702,0.684490122,1.370357009,1.673078822,1.378531914,0,0,0,0.387410292,0,0,0.465892913,0,0,0
Stmn1,generation of neurons,3.16468027,3.261025227,0,0,0,0,0,0,0.549628755,1.535435234,0.353845483,1.496219232,0.644778371,1.156429847,0.238732825,0.697716137,0.579965702,0.684490122,1.370357009,1.673078822,1.378531914,0,0,0,0.387410292,0,0,0.465892913,0,0,0
Stmn1,neuron development,3.16468027,3.261025227,0,0,0,0,0,0,0.549628755,1.535435234,0.353845483,1.496219232,0.644778371,1.156429847,0.238732825,0.697716137,0.579965702,0.684490122,1.370357009,1.673078822,1.378531914,0,0,0,0.387410292,0,0,0.465892913,0,0,0
Stmn1,neurogenesis,3.16468027,3.261025227,0,0,0,0,0,0,0.549628755,1.535435234,0.353845483,1.496219232,0.644778371,1.156429847,0.238732825,0.697716137,0.579965702,0.684490122,1.370357009,1.673078822,1.378531914,0,0,0,0.387410292,0,0,0.465892913,0,0,0
Stmn1,axonogenesis,3.16468027,3.261025227,0,0,0,0,0,0,0.549628755,1.535435234,0.353845483,1.496219232,0.644778371,1.156429847,0.238732825,0.697716137,0.579965702,0.684490122,1.370357009,1.673078822,1.378531914,0,0,0,0.387410292,0,0,0.465892913,0,0,0
Stmn1,neuron differentiation,3.16468027,3.261025227,0,0,0,0,0,0,0.549628755,1.535435234,0.353845483,1.496219232,0.644778371,1.156429847,0.238732825,0.697716137,0.579965702,0.684490122,1.370357009,1.673078822,1.378531914,0,0,0,0.387410292,0,0,0.465892913,0,0,0
Tcf4,neuron differentiation,2.157134511,1.987959315,0,0,0,0,0,0,0.187148598,0.735628133,0.113395196,0.522442086,0.131567874,0.351520926,0.151924544,-0.011550872,0.172523528,,,,,0.381673068,0,0,0,0,0,0,0,0,0
Tcf4,nervous system development,2.157134511,1.987959315,0,0,0,0,0,0,0.187148598,0.735628133,0.113395196,0.522442086,0.131567874,0.351520926,0.151924544,-0.011550872,0.172523528,,,,,0.381673068,0,0,0,0,0,0,0,0,0
Tcf4,neurogenesis,2.157134511,1.987959315,0,0,0,0,0,0,0.187148598,0.735628133,0.113395196,0.522442086,0.131567874,0.351520926,0.151924544,-0.011550872,0.172523528,,,,,0.381673068,0,0,0,0,0,0,0,0,0
Tcf4,generation of neurons,2.157134511,1.987959315,0,0,0,0,0,0,0.187148598,0.735628133,0.113395196,0.522442086,0.131567874,0.351520926,0.151924544,-0.011550872,0.172523528,,,,,0.381673068,0,0,0,0,0,0,0,0,0
Tiam2,neuron projection development,2.969934164,2.915054435,0,0,0,0,0,0,-0.454011527,0,0,0,0,0,-0.061157278,0,0,-0.473694473,-0.373415926,0.157725394,0.265421677,0,0,0,0,0,0,0,0,0,0
Tiam2,axon development,2.969934164,2.915054435,0,0,0,0,0,0,-0.454011527,0,0,0,0,0,-0.061157278,0,0,-0.473694473,-0.373415926,0.157725394,0.265421677,0,0,0,0,0,0,0,0,0,0
Tiam2,neuron differentiation,2.969934164,2.915054435,0,0,0,0,0,0,-0.454011527,0,0,0,0,0,-0.061157278,0,0,-0.473694473,-0.373415926,0.157725394,0.265421677,0,0,0,0,0,0,0,0,0,0
Tiam2,axonogenesis,2.969934164,2.915054435,0,0,0,0,0,0,-0.454011527,0,0,0,0,0,-0.061157278,0,0,-0.473694473,-0.373415926,0.157725394,0.265421677,0,0,0,0,0,0,0,0,0,0
Tiam2,neurogenesis,2.969934164,2.915054435,0,0,0,0,0,0,-0.454011527,0,0,0,0,0,-0.061157278,0,0,-0.473694473,-0.373415926,0.157725394,0.265421677,0,0,0,0,0,0,0,0,0,0
Tiam2,neuron development,2.969934164,2.915054435,0,0,0,0,0,0,-0.454011527,0,0,0,0,0,-0.061157278,0,0,-0.473694473,-0.373415926,0.157725394,0.265421677,0,0,0,0,0,0,0,0,0,0
Tiam2,nervous system development,2.969934164,2.915054435,0,0,0,0,0,0,-0.454011527,0,0,0,0,0,-0.061157278,0,0,-0.473694473,-0.373415926,0.157725394,0.265421677,0,0,0,0,0,0,0,0,0,0
Tiam2,generation of neurons,2.969934164,2.915054435,0,0,0,0,0,0,-0.454011527,0,0,0,0,0,-0.061157278,0,0,-0.473694473,-0.373415926,0.157725394,0.265421677,0,0,0,0,0,0,0,0,0,0
Tmsb10,regulation of cell migration,2.094172022,2.139258775,-0.401043136,-0.351141504,-0.300613389,-0.250711757,-0.105368282,0,1.132746273,1.684842326,0.172625384,1.08763029,0.782616984,1.167253135,0.804569699,1.194233135,0.736202467,1.972985822,3.598018383,3.544381625,2.894174576,0.281513463,0,0,0.405989763,0.36031283,0.354403912,0.945927111,0.295203946,0.409735016,0.374831639
Tmsb10,Regulation of cellular component movement,2.094172022,2.139258775,-0.401043136,-0.351141504,-0.300613389,-0.250711757,-0.105368282,0,1.132746273,1.684842326,0.172625384,1.08763029,0.782616984,1.167253135,0.804569699,1.194233135,0.736202467,1.972985822,3.598018383,3.544381625,2.894174576,0.281513463,0,0,0.405989763,0.36031283,0.354403912,0.945927111,0.295203946,0.409735016,0.374831639
Tmsb4x,regulation of cell migration,3.196482872,3.286145743,0,0,0,0,0,0,0.559281872,1.341280409,0.561848905,1.077635088,0.118316307,0.827468987,0.693582257,1.746839614,0.831964709,,,,,0,0,0,0,-0.290083457,0,0.41259092,0,0,0
Tmsb4x,positive regulation of cell motility,3.196482872,3.286145743,0,0,0,0,0,0,0.559281872,1.341280409,0.561848905,1.077635088,0.118316307,0.827468987,0.693582257,1.746839614,0.831964709,,,,,0,0,0,0,-0.290083457,0,0.41259092,0,0,0
Tmsb4x,Regulation of cellular component movement,3.196482872,3.286145743,0,0,0,0,0,0,0.559281872,1.341280409,0.561848905,1.077635088,0.118316307,0.827468987,0.693582257,1.746839614,0.831964709,,,,,0,0,0,0,-0.290083457,0,0.41259092,0,0,0
Tuba1a,structural constituent of cytoskeleton,3.914158007,4.11702465,0,0,0,0,0,0,0.762378018,1.98705671,0.277533333,1.046754973,0.41747403,0.691538236,0.451073347,1.314092857,0.643051781,0.466164103,1.394077049,1.773814961,1.31379942,0.473718005,0.403907674,0,0,0,0,0.966176309,0,0,0
Tubb2b,Regulation of cellular component movement,3.768945769,3.774358706,0,0,0,0,0,0,0.972463669,2.182160805,1.361411845,2.731342145,0.751651517,0.919195698,0.671782878,1.679795165,0.892539523,-0.194997441,0.285540167,0.888424822,0.706942534,0,0,0,0,-0.405847533,-0.336660178,0.428989194,-0.350991537,0,0
Tubb2b,neuron projection development,3.768945769,3.774358706,0,0,0,0,0,0,0.972463669,2.182160805,1.361411845,2.731342145,0.751651517,0.919195698,0.671782878,1.679795165,0.892539523,-0.194997441,0.285540167,0.888424822,0.706942534,0,0,0,0,-0.405847533,-0.336660178,0.428989194,-0.350991537,0,0
Tubb2b,neurogenesis,3.768945769,3.774358706,0,0,0,0,0,0,0.972463669,2.182160805,1.361411845,2.731342145,0.751651517,0.919195698,0.671782878,1.679795165,0.892539523,-0.194997441,0.285540167,0.888424822,0.706942534,0,0,0,0,-0.405847533,-0.336660178,0.428989194,-0.350991537,0,0
Tubb2b,neuron differentiation,3.768945769,3.774358706,0,0,0,0,0,0,0.972463669,2.182160805,1.361411845,2.731342145,0.751651517,0.919195698,0.671782878,1.679795165,0.892539523,-0.194997441,0.285540167,0.888424822,0.706942534,0,0,0,0,-0.405847533,-0.336660178,0.428989194,-0.350991537,0,0
Tubb2b,axonogenesis,3.768945769,3.774358706,0,0,0,0,0,0,0.972463669,2.182160805,1.361411845,2.731342145,0.751651517,0.919195698,0.671782878,1.679795165,0.892539523,-0.194997441,0.285540167,0.888424822,0.706942534,0,0,0,0,-0.405847533,-0.336660178,0.428989194,-0.350991537,0,0
Tubb2b,axon development,3.768945769,3.774358706,0,0,0,0,0,0,0.972463669,2.182160805,1.361411845,2.731342145,0.751651517,0.919195698,0.671782878,1.679795165,0.892539523,-0.194997441,0.285540167,0.888424822,0.706942534,0,0,0,0,-0.405847533,-0.336660178,0.428989194,-0.350991537,0,0
Tubb2b,neuron development,3.768945769,3.774358706,0,0,0,0,0,0,0.972463669,2.182160805,1.361411845,2.731342145,0.751651517,0.919195698,0.671782878,1.679795165,0.892539523,-0.194997441,0.285540167,0.888424822,0.706942534,0,0,0,0,-0.405847533,-0.336660178,0.428989194,-0.350991537,0,0
Tubb2b,structural constituent of cytoskeleton,3.768945769,3.774358706,0,0,0,0,0,0,0.972463669,2.182160805,1.361411845,2.731342145,0.751651517,0.919195698,0.671782878,1.679795165,0.892539523,-0.194997441,0.285540167,0.888424822,0.706942534,0,0,0,0,-0.405847533,-0.336660178,0.428989194,-0.350991537,0,0
Tubb2b,generation of neurons,3.768945769,3.774358706,0,0,0,0,0,0,0.972463669,2.182160805,1.361411845,2.731342145,0.751651517,0.919195698,0.671782878,1.679795165,0.892539523,-0.194997441,0.285540167,0.888424822,0.706942534,0,0,0,0,-0.405847533,-0.336660178,0.428989194,-0.350991537,0,0
Tubb2b,nervous system development,3.768945769,3.774358706,0,0,0,0,0,0,0.972463669,2.182160805,1.361411845,2.731342145,0.751651517,0.919195698,0.671782878,1.679795165,0.892539523,-0.194997441,0.285540167,0.888424822,0.706942534,0,0,0,0,-0.405847533,-0.336660178,0.428989194,-0.350991537,0,0
Tubb3,axonogenesis,2.008487085,2.265565871,0,0,0,0,0,0,1.302104996,2.315194683,0.019314305,0.665864636,0.575407484,0.88047681,0.472479738,1.477843973,0.807216236,,,,,0.343381398,0,0,0,0,0,1.117272182,0,0,0
Tubb3,nervous system development,2.008487085,2.265565871,0,0,0,0,0,0,1.302104996,2.315194683,0.019314305,0.665864636,0.575407484,0.88047681,0.472479738,1.477843973,0.807216236,,,,,0.343381398,0,0,0,0,0,1.117272182,0,0,0
Tubb3,axon development,2.008487085,2.265565871,0,0,0,0,0,0,1.302104996,2.315194683,0.019314305,0.665864636,0.575407484,0.88047681,0.472479738,1.477843973,0.807216236,,,,,0.343381398,0,0,0,0,0,1.117272182,0,0,0
Tubb3,generation of neurons,2.008487085,2.265565871,0,0,0,0,0,0,1.302104996,2.315194683,0.019314305,0.665864636,0.575407484,0.88047681,0.472479738,1.477843973,0.807216236,,,,,0.343381398,0,0,0,0,0,1.117272182,0,0,0
Tubb3,neuron differentiation,2.008487085,2.265565871,0,0,0,0,0,0,1.302104996,2.315194683,0.019314305,0.665864636,0.575407484,0.88047681,0.472479738,1.477843973,0.807216236,,,,,0.343381398,0,0,0,0,0,1.117272182,0,0,0
Tubb3,neuron development,2.008487085,2.265565871,0,0,0,0,0,0,1.302104996,2.315194683,0.019314305,0.665864636,0.575407484,0.88047681,0.472479738,1.477843973,0.807216236,,,,,0.343381398,0,0,0,0,0,1.117272182,0,0,0
Tubb3,neuron projection development,2.008487085,2.265565871,0,0,0,0,0,0,1.302104996,2.315194683,0.019314305,0.665864636,0.575407484,0.88047681,0.472479738,1.477843973,0.807216236,,,,,0.343381398,0,0,0,0,0,1.117272182,0,0,0
Tubb3,structural constituent of cytoskeleton,2.008487085,2.265565871,0,0,0,0,0,0,1.302104996,2.315194683,0.019314305,0.665864636,0.575407484,0.88047681,0.472479738,1.477843973,0.807216236,,,,,0.343381398,0,0,0,0,0,1.117272182,0,0,0
Tubb3,neurogenesis,2.008487085,2.265565871,0,0,0,0,0,0,1.302104996,2.315194683,0.019314305,0.665864636,0.575407484,0.88047681,0.472479738,1.477843973,0.807216236,,,,,0.343381398,0,0,0,0,0,1.117272182,0,0,0
Tubb5,structural constituent of cytoskeleton,2.597424368,2.660321329,0,0,0,0,0,0,0.684721156,1.803209131,0.499411801,1.161096742,0.468579374,0.712317126,0.607217992,1.017814205,0.698244298,2.169554793,3.899556169,4.316772272,3.57490014,0,0,0,0.291800268,0,0,1.047105686,0,0,0
Ubb,central nervous system neuron differentiation,1.730686407,1.864295444,0,0,0,0,0,0,0.208480517,0.890832817,-0.238660013,0.258939629,-0.175741696,0.021771867,0.014642458,0.40258494,0.13505923,,,,,0,0,0,0,0,0,0,0,0,0
Ubb,generation of neurons,1.730686407,1.864295444,0,0,0,0,0,0,0.208480517,0.890832817,-0.238660013,0.258939629,-0.175741696,0.021771867,0.014642458,0.40258494,0.13505923,,,,,0,0,0,0,0,0,0,0,0,0
Ubb,neurogenesis,1.730686407,1.864295444,0,0,0,0,0,0,0.208480517,0.890832817,-0.238660013,0.258939629,-0.175741696,0.021771867,0.014642458,0.40258494,0.13505923,,,,,0,0,0,0,0,0,0,0,0,0
Ubb,nervous system development,1.730686407,1.864295444,0,0,0,0,0,0,0.208480517,0.890832817,-0.238660013,0.258939629,-0.175741696,0.021771867,0.014642458,0.40258494,0.13505923,,,,,0,0,0,0,0,0,0,0,0,0
Ubb,neuron development,1.730686407,1.864295444,0,0,0,0,0,0,0.208480517,0.890832817,-0.238660013,0.258939629,-0.175741696,0.021771867,0.014642458,0.40258494,0.13505923,,,,,0,0,0,0,0,0,0,0,0,0
Ubb,neuron projection development,1.730686407,1.864295444,0,0,0,0,0,0,0.208480517,0.890832817,-0.238660013,0.258939629,-0.175741696,0.021771867,0.014642458,0.40258494,0.13505923,,,,,0,0,0,0,0,0,0,0,0,0
Ubb,neuron differentiation,1.730686407,1.864295444,0,0,0,0,0,0,0.208480517,0.890832817,-0.238660013,0.258939629,-0.175741696,0.021771867,0.014642458,0.40258494,0.13505923,,,,,0,0,0,0,0,0,0,0,0,0
Unc5d,axon development,2.246281835,2.274586809,0,0,0,0,0,0,0,0,0,0,0,0,0.141304581,0.426688331,0,-0.420143926,-0.673994966,-0.225364826,0.063409845,0,0,0,0,0.408674311,0,0,0,0.297382676,0
Unc5d,neurogenesis,2.246281835,2.274586809,0,0,0,0,0,0,0,0,0,0,0,0,0.141304581,0.426688331,0,-0.420143926,-0.673994966,-0.225364826,0.063409845,0,0,0,0,0.408674311,0,0,0,0.297382676,0
Unc5d,nervous system development,2.246281835,2.274586809,0,0,0,0,0,0,0,0,0,0,0,0,0.141304581,0.426688331,0,-0.420143926,-0.673994966,-0.225364826,0.063409845,0,0,0,0,0.408674311,0,0,0,0.297382676,0
Unc5d,neuron development,2.246281835,2.274586809,0,0,0,0,0,0,0,0,0,0,0,0,0.141304581,0.426688331,0,-0.420143926,-0.673994966,-0.225364826,0.063409845,0,0,0,0,0.408674311,0,0,0,0.297382676,0
Unc5d,regulation of cell migration,2.246281835,2.274586809,0,0,0,0,0,0,0,0,0,0,0,0,0.141304581,0.426688331,0,-0.420143926,-0.673994966,-0.225364826,0.063409845,0,0,0,0,0.408674311,0,0,0,0.297382676,0
Unc5d,axonogenesis,2.246281835,2.274586809,0,0,0,0,0,0,0,0,0,0,0,0,0.141304581,0.426688331,0,-0.420143926,-0.673994966,-0.225364826,0.063409845,0,0,0,0,0.408674311,0,0,0,0.297382676,0
Unc5d,generation of neurons,2.246281835,2.274586809,0,0,0,0,0,0,0,0,0,0,0,0,0.141304581,0.426688331,0,-0.420143926,-0.673994966,-0.225364826,0.063409845,0,0,0,0,0.408674311,0,0,0,0.297382676,0
Unc5d,neuron differentiation,2.246281835,2.274586809,0,0,0,0,0,0,0,0,0,0,0,0,0.141304581,0.426688331,0,-0.420143926,-0.673994966,-0.225364826,0.063409845,0,0,0,0,0.408674311,0,0,0,0.297382676,0
Unc5d,neuron projection development,2.246281835,2.274586809,0,0,0,0,0,0,0,0,0,0,0,0,0.141304581,0.426688331,0,-0.420143926,-0.673994966,-0.225364826,0.063409845,0,0,0,0,0.408674311,0,0,0,0.297382676,0
Unc5d,Regulation of cellular component movement,2.246281835,2.274586809,0,0,0,0,0,0,0,0,0,0,0,0,0.141304581,0.426688331,0,-0.420143926,-0.673994966,-0.225364826,0.063409845,0,0,0,0,0.408674311,0,0,0,0.297382676,0
Zbtb18,neuron differentiation,1.93506142,1.911775597,0,0,0,0,0,0,-0.34623335,0.752848401,-0.242974871,-0.431531895,-0.435948383,0.067595239,0.005683724,-0.100770389,-0.065722245,,,,,0,0,0,-0.442892008,0,0,-0.279079941,0,0,0
Zbtb18,neuron development,1.93506142,1.911775597,0,0,0,0,0,0,-0.34623335,0.752848401,-0.242974871,-0.431531895,-0.435948383,0.067595239,0.005683724,-0.100770389,-0.065722245,,,,,0,0,0,-0.442892008,0,0,-0.279079941,0,0,0
Zbtb18,neurogenesis,1.93506142,1.911775597,0,0,0,0,0,0,-0.34623335,0.752848401,-0.242974871,-0.431531895,-0.435948383,0.067595239,0.005683724,-0.100770389,-0.065722245,,,,,0,0,0,-0.442892008,0,0,-0.279079941,0,0,0
Zbtb18,nervous system development,1.93506142,1.911775597,0,0,0,0,0,0,-0.34623335,0.752848401,-0.242974871,-0.431531895,-0.435948383,0.067595239,0.005683724,-0.100770389,-0.065722245,,,,,0,0,0,-0.442892008,0,0,-0.279079941,0,0,0
Zbtb18,generation of neurons,1.93506142,1.911775597,0,0,0,0,0,0,-0.34623335,0.752848401,-0.242974871,-0.431531895,-0.435948383,0.067595239,0.005683724,-0.100770389,-0.065722245,,,,,0,0,0,-0.442892008,0,0,-0.279079941,0,0,0
Zeb2,nervous system development,1.930056169,1.878448152,0,0,0,0,0,0,0.287641045,0.273392309,0.032528231,0.383910305,-0.269911694,0.136312517,0.104159777,-0.152497726,0.082024343,-0.694941899,-0.428168304,-0.296660745,0.024845807,0,0,0,0,0,0,0,-0.337589233,0,0
Zeb2,neuron projection development,1.930056169,1.878448152,0,0,0,0,0,0,0.287641045,0.273392309,0.032528231,0.383910305,-0.269911694,0.136312517,0.104159777,-0.152497726,0.082024343,-0.694941899,-0.428168304,-0.296660745,0.024845807,0,0,0,0,0,0,0,-0.337589233,0,0
Zeb2,generation of neurons,1.930056169,1.878448152,0,0,0,0,0,0,0.287641045,0.273392309,0.032528231,0.383910305,-0.269911694,0.136312517,0.104159777,-0.152497726,0.082024343,-0.694941899,-0.428168304,-0.296660745,0.024845807,0,0,0,0,0,0,0,-0.337589233,0,0
Zeb2,neurogenesis,1.930056169,1.878448152,0,0,0,0,0,0,0.287641045,0.273392309,0.032528231,0.383910305,-0.269911694,0.136312517,0.104159777,-0.152497726,0.082024343,-0.694941899,-0.428168304,-0.296660745,0.024845807,0,0,0,0,0,0,0,-0.337589233,0,0
Zeb2,axonogenesis,1.930056169,1.878448152,0,0,0,0,0,0,0.287641045,0.273392309,0.032528231,0.383910305,-0.269911694,0.136312517,0.104159777,-0.152497726,0.082024343,-0.694941899,-0.428168304,-0.296660745,0.024845807,0,0,0,0,0,0,0,-0.337589233,0,0
Zeb2,neuron differentiation,1.930056169,1.878448152,0,0,0,0,0,0,0.287641045,0.273392309,0.032528231,0.383910305,-0.269911694,0.136312517,0.104159777,-0.152497726,0.082024343,-0.694941899,-0.428168304,-0.296660745,0.024845807,0,0,0,0,0,0,0,-0.337589233,0,0
Zeb2,axon development,1.930056169,1.878448152,0,0,0,0,0,0,0.287641045,0.273392309,0.032528231,0.383910305,-0.269911694,0.136312517,0.104159777,-0.152497726,0.082024343,-0.694941899,-0.428168304,-0.296660745,0.024845807,0,0,0,0,0,0,0,-0.337589233,0,0
Zeb2,central nervous system neuron differentiation,1.930056169,1.878448152,0,0,0,0,0,0,0.287641045,0.273392309,0.032528231,0.383910305,-0.269911694,0.136312517,0.104159777,-0.152497726,0.082024343,-0.694941899,-0.428168304,-0.296660745,0.024845807,0,0,0,0,0,0,0,-0.337589233,0,0
Zeb2,neuron development,1.930056169,1.878448152,0,0,0,0,0,0,0.287641045,0.273392309,0.032528231,0.383910305,-0.269911694,0.136312517,0.104159777,-0.152497726,0.082024343,-0.694941899,-0.428168304,-0.296660745,0.024845807,0,0,0,0,0,0,0,-0.337589233,0,0